YYYY,DOY,HR,MN,1,2,3,4,5,6,7
2012,60,0,0,2.82,-5.98,-2.71,432.8,1.55,169,-21
2012,60,0,1,3.68,-5.8,-2.17,431.5,1.63,174,-22
2012,60,0,2,3.67,-5.8,-2.22,428.7,1.6,178,-22
2012,60,0,3,3.86,-5.68,-2.05,428.7,1.6,174,-22
2012,60,0,4,3.9,-5.63,-1.99,428.7,1.6,173,-22
2012,60,0,5,4.1,-5.46,-1.95,427.2,1.73,160,-22
2012,60,0,6,3.99,-5.56,-2.04,427.2,1.73,158,-22
2012,60,0,7,3.89,-5.67,-2.04,428.8,1.6,171,-22
2012,60,0,8,3.96,-5.62,-2.09,428.8,1.6,181,-22
2012,60,0,9,4.08,-5.44,-2.21,99999.9,99.99,190,-22
2012,60,0,10,3.81,-5.67,-1.72,428.1,1.63,184,-23
2012,60,0,11,3.68,-5.77,-1.59,428.1,1.63,181,-23
2012,60,0,12,2.87,-5.85,-2.57,425.9,1.55,178,-23
2012,60,0,13,2.61,-5.95,-2.87,99999.9,99.99,188,-23
2012,60,0,14,2.09,-5.98,-3.02,434.9,1.55,192,-23
2012,60,0,15,2.08,-6.22,-2.73,436.8,1.54,196,-23
2012,60,0,16,2.3,-6.18,-2.57,443,1.62,195,-24
2012,60,0,17,1.09,-5.68,-3.31,437.3,1.72,189,-23
2012,60,0,18,0.21,-5.62,-3.83,437,1.75,181,-23
2012,60,0,19,-0.02,-5.88,-3.46,440.5,1.85,178,-23
2012,60,0,20,-0.13,-5.9,-3.49,440.5,1.82,178,-23
2012,60,0,21,-0.31,-5.71,-3.79,441,1.82,180,-23
2012,60,0,22,-0.08,-6.02,-3.52,441.9,1.65,175,-23
2012,60,0,23,0.03,-6.27,-2.83,444.2,1.76,187,-23
2012,60,0,24,0.03,-6.24,-2.86,446.6,1.9,193,-23
2012,60,0,25,0.32,-6.19,-3.07,446.8,1.91,183,-23
2012,60,0,26,0.12,-6.19,-3.04,443.2,1.75,186,-23
2012,60,0,27,-0.02,-6.24,-2.71,443.1,1.74,177,-23
2012,60,0,28,0.18,-6.31,-2.41,441.3,1.58,182,-23
2012,60,0,29,0.14,-6.13,-2.53,445.5,1.83,194,-23
2012,60,0,30,0.21,-6.17,-2.29,446.3,1.88,185,-22
2012,60,0,31,0.46,-6.14,-2.21,447.7,2.04,192,-22
2012,60,0,32,0.12,-6.24,-1.91,449.8,2.19,189,-22
2012,60,0,33,0.05,-6.35,-1.68,450.4,2.24,201,-21
2012,60,0,34,-0.3,-6.47,-1.43,99999.9,99.99,223,-22
2012,60,0,35,0.11,-6.29,-1.93,441.6,1.88,251,-22
2012,60,0,36,-0.1,-6.31,-2,441.6,1.88,249,-22
2012,60,0,37,0.03,-6.36,-1.81,438.4,1.84,270,-22
2012,60,0,38,0.07,-6.38,-1.5,438.4,1.84,275,-23
2012,60,0,39,0.16,-6.35,-1.69,438.4,1.95,262,-23
2012,60,0,40,-0.04,-6.39,-1.59,438.4,1.95,271,-23
2012,60,0,41,0.03,-6.37,-1.76,441.3,1.95,280,-23
2012,60,0,42,0.49,-6.25,-1.97,441.3,1.95,278,-23
2012,60,0,43,0.94,-6.22,-2.19,436.9,2.04,282,-24
2012,60,0,44,0.98,-6.1,-2.44,436.9,2.04,276,-24
2012,60,0,45,1.4,-6.15,-1.97,439.1,1.79,257,-24
2012,60,0,46,1.59,-6.06,-1.83,439.1,1.79,255,-24
2012,60,0,47,0.7,-6.31,-1.34,443.4,2.27,261,-24
2012,60,0,48,1.68,-6.09,-1.57,443.4,2.27,248,-24
2012,60,0,49,2.71,-5.55,-2.23,99999.9,99.99,235,-24
2012,60,0,50,3.39,-5.36,-2.11,99999.9,99.99,238,-24
2012,60,0,51,3.11,-5.64,-1.75,99999.9,99.99,250,-25
2012,60,0,52,2.67,-5.79,-1.74,99999.9,99.99,254,-25
2012,60,0,53,2.37,-5.8,-1.92,99999.9,99.99,257,-25
2012,60,0,54,2.3,-5.96,-1.86,433.8,1.73,256,-25
2012,60,0,55,2.26,-5.94,-2.07,433.8,1.73,252,-25
2012,60,0,56,2.34,-5.83,-2.11,99999.9,99.99,243,-26
2012,60,0,57,2.38,-5.83,-1.94,434.1,1.59,239,-26
2012,60,0,58,2.35,-5.81,-1.89,434.1,1.59,232,-26
2012,60,0,59,2.14,-5.88,-2.16,438.6,1.7,236,-26
2012,60,1,0,2.15,-5.85,-2.02,438.6,1.7,235,-26
2012,60,1,1,-0.4,-6.25,-1.5,450.1,2.07,234,-26
2012,60,1,2,-0.51,-6.22,-1.42,450.1,2.07,234,-26
2012,60,1,3,1.41,-5.9,-1.86,99999.9,99.99,229,-27
2012,60,1,4,3.39,-4.9,-2.53,439.4,1.57,213,-27
2012,60,1,5,2.21,-5.74,-2.28,439.4,1.57,212,-27
2012,60,1,6,2.23,-5.68,-2.37,439.4,1.57,220,-27
2012,60,1,7,2.46,-5.58,-2.16,438.7,1.4,221,-27
2012,60,1,8,1.89,-5.78,-1.98,438.7,1.4,220,-27
2012,60,1,9,2.17,-5.65,-1.97,99999.9,99.99,225,-27
2012,60,1,10,1.96,-5.86,-1.91,99999.9,99.99,228,-27
2012,60,1,11,2.25,-5.69,-2.18,440.5,1.39,229,-27
2012,60,1,12,2.09,-5.71,-2.19,440.5,1.39,233,-27
2012,60,1,13,2.27,-5.57,-2.29,99999.9,99.99,226,-27
2012,60,1,14,2.45,-5.55,-2.17,438.7,1.32,222,-27
2012,60,1,15,2.61,-5.53,-1.91,438.7,1.32,215,-26
2012,60,1,16,2.59,-5.57,-1.87,438.7,1.32,222,-27
2012,60,1,17,2.59,-5.57,-1.87,99999.9,99.99,231,-27
2012,60,1,18,2.58,-5.45,-2.2,99999.9,99.99,244,-27
2012,60,1,19,3.08,-5.23,-1.87,440.8,1.38,250,-27
2012,60,1,20,3.48,-4.89,-1.92,437.4,1.37,252,-27
2012,60,1,21,5.24,-2.98,-2.29,429.7,1.38,248,-28
2012,60,1,22,9999.99,9999.99,9999.99,422.2,1.44,244,-28
2012,60,1,23,5.12,-3.03,-2.49,99999.9,99.99,243,-28
2012,60,1,24,4.71,-3.62,-2.46,99999.9,99.99,240,-28
2012,60,1,25,5.01,-3.24,-2.61,419.6,1.21,232,-28
2012,60,1,26,5.03,-3.08,-2.7,418.8,1.22,237,-28
2012,60,1,27,4.82,-3.35,-2.68,425,1.28,243,-28
2012,60,1,28,4.36,-4.26,-1.93,421,1.26,242,-28
2012,60,1,29,4.22,-4.13,-2.18,99999.9,99.99,249,-28
2012,60,1,30,4.46,-3.8,-2.36,422.8,1.45,250,-29
2012,60,1,31,3.9,-4.01,-2.37,422.7,1.43,246,-29
2012,60,1,32,1.71,-5.52,-2.28,433.8,1.62,248,-29
2012,60,1,33,4.08,-3.59,-2.88,435.2,1.45,243,-29
2012,60,1,34,4.51,-3.32,-2.71,435.6,1.4,234,-29
2012,60,1,35,4.08,-3.63,-2.71,414.1,1.29,225,-29
2012,60,1,36,2.61,-5.11,-2.21,417.2,1.33,230,-29
2012,60,1,37,2.3,-5.28,-2.2,427.5,1.48,225,-29
2012,60,1,38,2.72,-4.98,-2.41,425,1.51,229,-29
2012,60,1,39,3.28,-4.66,-2.13,424.9,1.51,230,-29
2012,60,1,40,4.05,-4.14,-2.1,99999.9,99.99,235,-30
2012,60,1,41,4.22,-3.83,-2.41,423.7,1.52,238,-30
2012,60,1,42,3.87,-3.96,-2.84,424.3,1.45,238,-30
2012,60,1,43,4,-3.71,-2.98,425,1.38,241,-31
2012,60,1,44,3.95,-3.86,-2.83,99999.9,99.99,244,-31
2012,60,1,45,4.33,-3.5,-2.68,99999.9,99.99,236,-31
2012,60,1,46,4.36,-3.74,-2.42,99999.9,99.99,233,-31
2012,60,1,47,3.68,-4.5,-1.91,419.4,1.7,227,-31
2012,60,1,48,2.64,-5.21,-1.71,419.4,1.7,223,-31
2012,60,1,49,4.32,-3.45,-2.63,425.9,1.45,220,-31
2012,60,1,50,4.27,-3.83,-2.29,426,1.44,209,-31
2012,60,1,51,4.26,-3.66,-2.52,99999.9,99.99,195,-31
2012,60,1,52,4.5,-3.51,-2.52,428,1.56,192,-31
2012,60,1,53,4.97,-2.7,-2.78,426.9,1.47,194,-31
2012,60,1,54,5.3,-2.42,-2.39,423.8,1.23,181,-31
2012,60,1,55,5.32,-2.26,-2.54,99999.9,99.99,171,-31
2012,60,1,56,5,-2.8,-2.68,99999.9,99.99,171,-30
2012,60,1,57,4.97,-2.82,-2.7,99999.9,99.99,164,-30
2012,60,1,58,4.83,-2.96,-2.73,423.7,1.29,150,-30
2012,60,1,59,4.85,-3.04,-2.69,423.7,1.29,147,-31
2012,60,2,0,5.01,-2.83,-2.66,424.1,1.28,148,-31
2012,60,2,1,5.01,-2.94,-2.55,424.1,1.28,150,-30
2012,60,2,2,4.95,-3.11,-2.33,424.1,1.28,151,-30
2012,60,2,3,5,-2.79,-2.44,99999.9,99.99,144,-31
2012,60,2,4,5,-3,-2.33,424.1,1.34,139,-31
2012,60,2,5,5.01,-2.93,-2.32,424.1,1.34,133,-31
2012,60,2,6,5.04,-2.91,-2.26,99999.9,99.99,133,-31
2012,60,2,7,4.95,-3.14,-2.18,99999.9,99.99,127,-31
2012,60,2,8,4.93,-3.13,-2.25,99999.9,99.99,121,-31
2012,60,2,9,4.97,-3.08,-2.26,99999.9,99.99,115,-31
2012,60,2,10,5.02,-3.02,-2.27,421.6,1.63,111,-31
2012,60,2,11,5.07,-2.92,-2.28,421.6,1.63,108,-31
2012,60,2,12,5.03,-2.99,-2.16,421.7,1.33,109,-31
2012,60,2,13,4.92,-3.17,-2.02,421.4,1.34,111,-31
2012,60,2,14,4.75,-3.52,-1.83,421.1,1.36,111,-31
2012,60,2,15,4.83,-3.4,-1.85,423.9,1.33,107,-31
2012,60,2,16,4.81,-3.42,-1.87,423.9,1.33,104,-31
2012,60,2,17,4.86,-3.36,-1.89,99999.9,99.99,103,-31
2012,60,2,18,5.15,-2.74,-2.23,99999.9,99.99,106,-31
2012,60,2,19,4.54,-3.56,-1.73,424.3,1.27,112,-31
2012,60,2,20,4.48,-3.73,-1.66,424.7,1.27,116,-31
2012,60,2,21,4.21,-3.95,-1.49,428.3,1.3,119,-30
2012,60,2,22,3.79,-4.33,-1.33,429.5,1.3,125,-30
2012,60,2,23,4.23,-3.69,-1.49,438.9,1.34,123,-30
2012,60,2,24,4.19,-3.76,-1.49,433.4,1.33,154,-30
2012,60,2,25,4,-3.91,-1.52,432.1,1.37,156,-29
2012,60,2,26,3.81,-4.16,-1.38,432,1.36,143,-29
2012,60,2,27,4.59,-3.3,-1.42,427.7,1.21,129,-29
2012,60,2,28,4.67,-3.1,-1.69,427.7,1.21,123,-29
2012,60,2,29,4.8,-2.83,-1.73,99999.9,99.99,126,-29
2012,60,2,30,4.84,-2.73,-1.69,432.6,1.3,129,-28
2012,60,2,31,4.91,-2.51,-1.71,432.6,1.3,136,-28
2012,60,2,32,9999.99,9999.99,9999.99,99999.9,99.99,132,-28
2012,60,2,33,5.05,-2.32,-1.7,99999.9,99.99,137,-28
2012,60,2,34,5.11,-2.23,-1.66,99999.9,99.99,142,-28
2012,60,2,35,4.99,-2.48,-1.61,99999.9,99.99,148,-28
2012,60,2,36,3.97,-3.81,-1.21,430.3,1.33,172,-28
2012,60,2,37,3.84,-3.67,-1.07,430.5,1.32,184,-28
2012,60,2,38,3.98,-3.8,-0.99,432.1,1.26,184,-28
2012,60,2,39,3.02,-4.2,-0.33,430,1.79,188,-28
2012,60,2,40,3.63,-3.98,-0.58,426,1.58,228,-28
2012,60,2,41,3.83,-3.98,-0.43,430.2,1.34,273,-27
2012,60,2,42,3.05,-4.04,-0.41,428,1.91,295,-27
2012,60,2,43,2.82,-3.99,-0.78,427.5,2.03,299,-27
2012,60,2,44,2.93,-3.27,-1.04,427.2,2.1,328,-26
2012,60,2,45,1.12,-4.53,0.91,425,1.91,341,-26
2012,60,2,46,1.09,-4.42,1.21,426.8,2.64,361,-26
2012,60,2,47,0.84,-4.3,1.41,426.8,2.64,368,-25
2012,60,2,48,1.04,-4.42,1.11,425.8,2.69,397,-25
2012,60,2,49,1.09,-4.43,1.04,425.4,2.68,410,-25
2012,60,2,50,0.94,-4.42,1.07,425,2.62,418,-24
2012,60,2,51,0.91,-4.35,1.03,425,2.62,409,-23
2012,60,2,52,0.74,-4.34,1.06,99999.9,99.99,407,-23
2012,60,2,53,0.68,-4.34,0.96,99999.9,99.99,410,-22
2012,60,2,54,0.6,-4.33,1,428.5,2.76,396,-22
2012,60,2,55,0.57,-4.28,0.99,428.5,2.76,400,-23
2012,60,2,56,0.33,-4.32,0.8,428.5,2.76,410,-22
2012,60,2,57,0.5,-4.28,1.06,99999.9,99.99,414,-21
2012,60,2,58,0.36,-4.32,0.93,428.4,2.66,395,-21
2012,60,2,59,0.18,-4.32,0.96,428.4,2.66,363,-20
2012,60,3,0,0.28,-4.31,0.97,99999.9,99.99,337,-20
2012,60,3,1,0.25,-4.3,1.14,99999.9,99.99,314,-20
2012,60,3,2,0.26,-4.23,1.56,429.1,2.7,298,-20
2012,60,3,3,0.67,-4.29,0.97,429.1,2.7,270,-20
2012,60,3,4,0.63,-4.3,1.01,429.1,2.7,271,-20
2012,60,3,5,0.64,-4.3,0.92,427.4,2.75,263,-19
2012,60,3,6,0.6,-4.33,0.93,427.4,2.75,255,-19
2012,60,3,7,0.56,-4.31,0.93,427.4,2.75,241,-19
2012,60,3,8,0.53,-4.29,0.89,99999.9,99.99,239,-19
2012,60,3,9,0.66,-4.3,0.87,427.6,2.73,226,-18
2012,60,3,10,0.55,-4.31,1.05,427.6,2.73,223,-19
2012,60,3,11,0.96,-4.05,0.54,427.6,2.73,233,-18
2012,60,3,12,0.23,-4.39,1.19,99999.9,99.99,230,-18
2012,60,3,13,1.4,-3.81,0.37,430.1,2.69,214,-19
2012,60,3,14,0.22,-4.34,1.21,430.1,2.69,206,-19
2012,60,3,15,1.5,-3.75,0,434.1,2.31,215,-19
2012,60,3,16,0.34,-4.27,1.19,434.8,2.24,215,-19
2012,60,3,17,0.24,-4.28,1.11,99999.9,99.99,225,-19
2012,60,3,18,1.77,-3.46,-0.37,430.2,2.66,237,-19
2012,60,3,19,1.55,-3.66,0.37,430,2.67,228,-19
2012,60,3,20,2.04,-3.39,-0.01,426.2,2.76,223,-18
2012,60,3,21,1.96,-3.35,0.12,428.3,2.65,208,-19
2012,60,3,22,2.2,-3.28,-0.12,428.8,2.47,206,-19
2012,60,3,23,1.89,-3.56,0.35,428.8,2.44,192,-19
2012,60,3,24,1.42,-3.95,0.78,427.5,2.48,179,-19
2012,60,3,25,1.66,-3.79,0.48,428.2,2.49,187,-19
2012,60,3,26,1.44,-3.91,0.74,428.1,2.39,205,-19
2012,60,3,27,2.41,-3.17,-0.24,425.5,2.5,198,-19
2012,60,3,28,1.42,-3.89,0.49,426.3,2.46,199,-19
2012,60,3,29,1.52,-3.8,0.34,429.6,2.27,199,-19
2012,60,3,30,0.73,-4.36,1.26,427.4,2.29,189,-19
2012,60,3,31,1.23,-3.92,0.98,426.4,2.39,177,-18
2012,60,3,32,1.08,-3.95,0.37,436.9,2.63,181,-19
2012,60,3,33,2.26,-3.22,-0.46,437.4,2.65,175,-19
2012,60,3,34,2.35,-2.98,-0.67,99999.9,99.99,170,-19
2012,60,3,35,2.77,-2.5,-0.77,417.2,2.36,172,-18
2012,60,3,36,2.39,-2.98,-0.61,418.4,2.38,173,-18
2012,60,3,37,2.38,-3,-0.91,434.1,2.53,172,-18
2012,60,3,38,2.65,-2.9,-0.64,431.7,2.47,165,-18
2012,60,3,39,2.92,-2.63,-1.13,433.8,2.48,160,-18
2012,60,3,40,2.71,-2.67,-1.09,433.2,2.56,155,-18
2012,60,3,41,2.82,-2.51,-1.23,428.4,2.45,158,-18
2012,60,3,42,2.52,-2.92,-0.87,429.5,2.42,153,-18
2012,60,3,43,2.8,-2.19,-1.78,424.8,2.31,163,-18
2012,60,3,44,2.72,-2.19,-2.27,433.5,2.51,161,-17
2012,60,3,45,2.69,-2.28,-2.18,433.5,2.51,149,-17
2012,60,3,46,2.46,-2.25,-2.2,433.5,2.51,138,-17
2012,60,3,47,2.38,-2.38,-2.06,435,2.76,132,-17
2012,60,3,48,2.57,-2.68,-2.19,435,2.76,123,-17
2012,60,3,49,2.51,-2.68,-2.07,434.4,2.54,116,-16
2012,60,3,50,2.64,-2.61,-1.99,434.4,2.53,115,-16
2012,60,3,51,2.68,-2.62,-2.11,432.5,2.48,122,-16
2012,60,3,52,2.72,-2.53,-1.52,431.3,2.65,113,-17
2012,60,3,53,2.82,-2.27,-1.82,431.5,2.77,105,-17
2012,60,3,54,2.6,-2.36,-1.61,433.1,2.76,107,-17
2012,60,3,55,2.87,-2.09,-1.63,430.9,2.95,109,-17
2012,60,3,56,2.98,-1.65,-1.97,430.9,2.95,110,-16
2012,60,3,57,3.12,-1.33,-1.92,432.3,3.23,107,-16
2012,60,3,58,2.77,-1.92,-2.49,435.1,2.79,102,-16
2012,60,3,59,2.76,-2.03,-2.18,435.8,2.69,96,-16
2012,60,4,0,2.98,-1.3,-2.39,435.8,2.87,94,-16
2012,60,4,1,2.8,-1.97,-2.2,435.8,3.02,88,-15
2012,60,4,2,2.5,-2.36,-2.27,434.9,3.13,88,-16
2012,60,4,3,2.56,-2.43,-2.04,436.8,2.77,87,-16
2012,60,4,4,2.47,-2.67,-1.77,435.8,2.82,83,-16
2012,60,4,5,2.67,-2.64,-1.16,435.6,3.07,84,-15
2012,60,4,6,2.67,-2.39,-1.38,434.8,3.26,88,-15
2012,60,4,7,2.27,-2.57,-1.68,435.9,3.2,94,-15
2012,60,4,8,2.54,-2.29,-1.62,438,3.17,96,-15
2012,60,4,9,2.78,-1.85,-1.91,435.9,3.25,98,-15
2012,60,4,10,2.66,-1.98,-1.95,437.4,3.04,91,-15
2012,60,4,11,2.82,-1.51,-2.02,436.7,3.12,90,-15
2012,60,4,12,2.42,-1.85,-2.07,438,3.47,90,-14
2012,60,4,13,2.46,-1.85,-2.12,439.9,3.37,87,-14
2012,60,4,14,2.86,-1.41,-2.26,439.7,3.24,96,-14
2012,60,4,15,2.7,-1.66,-2.32,99999.9,99.99,99,-14
2012,60,4,16,2.22,-2.26,-2.53,436.5,3.47,105,-14
2012,60,4,17,1.97,-2.36,-2.42,436.5,3.47,97,-14
2012,60,4,18,2.14,-2.13,-2.43,99999.9,99.99,95,-14
2012,60,4,19,2.38,-1.93,-2.36,436.9,3.42,100,-14
2012,60,4,20,2.45,-1.77,-2.44,436.9,3.42,97,-14
2012,60,4,21,2.47,-1.6,-2.58,99999.9,99.99,102,-14
2012,60,4,22,2.56,-1.4,-2.69,436.6,3.45,102,-14
2012,60,4,23,2.47,-1.74,-2.58,436.6,3.45,104,-14
2012,60,4,24,2.62,-1.88,-2.58,436.6,3.45,104,-14
2012,60,4,25,2.95,-1.53,-2.72,99999.9,99.99,102,-14
2012,60,4,26,3,-1.38,-2.98,437.7,3.46,98,-14
2012,60,4,27,2.97,-1.47,-3.06,437.7,3.46,95,-14
2012,60,4,28,3,-1.61,-2.96,437.7,3.46,86,-14
2012,60,4,29,2.89,-1.77,-3.02,440,4.03,86,-14
2012,60,4,30,3.27,-1.63,-2.74,440,4.03,87,-14
2012,60,4,31,3.27,-1.56,-2.94,99999.9,99.99,81,-13
2012,60,4,32,3.53,-1.55,-2.89,99999.9,99.99,85,-14
2012,60,4,33,3.65,-1.5,-2.77,99999.9,99.99,82,-14
2012,60,4,34,3.89,-1.82,-2.23,437.4,3.67,79,-14
2012,60,4,35,3.72,-1.68,-1.87,437.4,3.67,82,-14
2012,60,4,36,3.66,-1.37,-2.33,437,3.79,88,-14
2012,60,4,37,2.32,-1.67,-3.5,438.4,3.81,98,-14
2012,60,4,38,1.03,-1.75,-3.81,447,3.95,99,-14
2012,60,4,39,1.4,-2.11,-3.43,448,3.94,96,-14
2012,60,4,40,2.75,-1.79,-3.15,445.2,3.64,97,-14
2012,60,4,41,3.02,-1.71,-3.1,445.2,3.64,105,-14
2012,60,4,42,3.89,-1.15,-2.51,99999.9,99.99,104,-15
2012,60,4,43,3.9,-1.14,-2.59,99999.9,99.99,102,-15
2012,60,4,44,3.85,-1.25,-2.68,99999.9,99.99,94,-15
2012,60,4,45,3.93,-1.26,-2.77,438,3.46,98,-15
2012,60,4,46,4.08,-1.49,-2.45,438,3.46,100,-15
2012,60,4,47,3.81,-1.35,-2.67,438,3.46,96,-15
2012,60,4,48,3.81,-1.22,-2.7,438.3,3.77,100,-15
2012,60,4,49,4.06,-1,-2.72,438.3,3.77,103,-15
2012,60,4,50,4.02,-1.48,-2.81,99999.9,99.99,103,-15
2012,60,4,51,4.1,-1.35,-2.74,436.1,3.5,99,-15
2012,60,4,52,4.03,-1.37,-2.86,436.1,3.5,105,-15
2012,60,4,53,4.02,-1.12,-3,436.1,3.5,106,-15
2012,60,4,54,4.1,-1.18,-2.83,438.3,3.45,101,-14
2012,60,4,55,4.47,-1.01,-2.24,438.3,3.45,100,-14
2012,60,4,56,4.55,-0.83,-2.3,99999.9,99.99,102,-14
2012,60,4,57,4.52,-0.34,-1.98,99999.9,99.99,102,-14
2012,60,4,58,4.3,-0.35,-2.12,431.3,4.08,105,-14
2012,60,4,59,4.32,-0.15,-2.02,431.3,4.08,104,-14
2012,60,5,0,4.26,-0.26,-1.97,431.3,4.08,111,-14
2012,60,5,1,4.2,-0.45,-2.15,430.6,3.86,118,-14
2012,60,5,2,4.21,-0.2,-1.83,430.6,3.86,127,-13
2012,60,5,3,4.3,-0.18,-1.53,99999.9,99.99,123,-13
2012,60,5,4,4.34,-0.49,-1.61,428.7,4.03,131,-13
2012,60,5,5,4.17,-0.59,-1.73,428.7,4.03,139,-13
2012,60,5,6,4.29,-0.85,-1.82,428.7,4.03,146,-13
2012,60,5,7,4.21,-0.76,-2.28,99999.9,99.99,146,-13
2012,60,5,8,3.92,-1.22,-2.54,429.1,3.8,152,-13
2012,60,5,9,3.05,-1.75,-2.62,430.8,3.73,141,-13
2012,60,5,10,0.11,-3.41,-1.95,442.5,4.57,137,-11
2012,60,5,11,0.09,-3.52,-2.28,442.5,4.34,143,-11
2012,60,5,12,0.37,-3.08,-1.83,443.5,4.28,160,-11
2012,60,5,13,1.2,-3.11,-2.02,443.5,4.74,189,-11
2012,60,5,14,1.34,-2.54,-1.94,438.2,4.19,196,-11
2012,60,5,15,0.96,-1.98,-1.82,439.8,4.47,189,-11
2012,60,5,16,1.66,-2.1,-2.22,440.8,4.73,187,-11
2012,60,5,17,1.64,-1.97,-1.89,437,3.97,185,-12
2012,60,5,18,1.96,-2.06,-1.38,447,5.63,181,-12
2012,60,5,19,2.32,-2.18,-1.78,439.7,4.25,165,-12
2012,60,5,20,2,-2.27,-1.92,444,4.6,167,-12
2012,60,5,21,1.72,-1.85,-2.09,438.8,4.39,161,-12
2012,60,5,22,1.84,-1.43,-2.16,436.5,3.92,152,-13
2012,60,5,23,1.09,-2.26,-2.5,445.1,5.04,145,-12
2012,60,5,24,0.68,-2.84,-2.04,445.2,5.06,160,-12
2012,60,5,25,1.96,-1.39,-2.77,99999.9,99.99,157,-12
2012,60,5,26,1.57,-1.9,-1.9,440.7,3.76,144,-12
2012,60,5,27,0.86,-2.68,-0.24,440.5,3.98,139,-12
2012,60,5,28,1.62,-2.04,-2.41,437.3,3.74,149,-12
2012,60,5,29,1.53,-2.24,-2.94,437,3.91,163,-12
2012,60,5,30,2.54,-0.71,-3.66,434,4.43,153,-12
2012,60,5,31,2.44,-0.1,-3.01,434,4.43,147,-11
2012,60,5,32,0.28,-4.26,-1.23,99999.9,99.99,131,-11
2012,60,5,33,0.14,-4.79,-0.61,433.2,3.86,120,-12
2012,60,5,34,0.58,-3.58,-0.83,433.1,3.67,133,-13
2012,60,5,35,-0.37,-6.5,0.22,430.5,2.7,161,-15
2012,60,5,36,-0.09,-5.49,-0.23,429.2,2.63,164,-15
2012,60,5,37,-0.67,-6.45,-0.59,428.9,2.62,170,-13
2012,60,5,38,0.67,-4.91,-2.64,431,2.68,170,-13
2012,60,5,39,-0.26,-5.97,-2.76,433.2,2.94,148,-15
2012,60,5,40,0.02,-6.12,-2.43,429,2.38,146,-18
2012,60,5,41,-0.28,-5.84,-1.47,427.6,2.29,136,-21
2012,60,5,42,1.6,-2.87,-2.69,425.4,2.2,134,-23
2012,60,5,43,-0.65,-6.44,-0.72,99999.9,99.99,156,-23
2012,60,5,44,0.82,-5.77,-1.56,416.6,2.47,165,-24
2012,60,5,45,-1.58,-6.69,0.81,416.6,2.47,135,-23
2012,60,5,46,-3.21,-5.94,2.44,439.6,1.95,117,-22
2012,60,5,47,-2.43,-5.54,1.46,439.6,1.95,109,-22
2012,60,5,48,-1.56,-5.45,1.38,99999.9,99.99,114,-22
2012,60,5,49,-4.2,-4.97,2.5,99999.9,99.99,124,-22
2012,60,5,50,-3.64,-5.61,2.12,99999.9,99.99,145,-22
2012,60,5,51,-4.14,-4.05,2.76,432.2,1.65,152,-22
2012,60,5,52,-3.39,-5.83,2.28,432.2,1.65,164,-22
2012,60,5,53,-4.05,-2.75,3,437.2,3.23,167,-22
2012,60,5,54,-4.32,-2.92,3.31,441.5,3.34,146,-21
2012,60,5,55,-4.17,-3.31,3.24,445.3,2.8,140,-20
2012,60,5,56,2.96,-0.74,-3.79,447.2,2.67,124,-18
2012,60,5,57,-3.18,4.39,3.49,99999.9,99.99,114,-17
2012,60,5,58,-4.41,-0.24,4.01,99999.9,99.99,118,-17
2012,60,5,59,-4.4,1.85,4.01,444.6,2.83,120,-17
2012,60,6,0,-4.15,1.8,4.06,444.9,2.52,117,-17
2012,60,6,1,-5.26,-0.66,4.76,445.2,2.23,127,-17
2012,60,6,2,-5.14,-0.3,5.03,445.4,1.63,122,-17
2012,60,6,3,-5.5,-0.46,4.14,445.4,1.63,126,-17
2012,60,6,4,-5.6,-0.89,4.1,450.3,1.78,130,-18
2012,60,6,5,-5.62,-0.88,4.17,448.8,1.75,125,-20
2012,60,6,6,-5.48,0,4.25,449.9,1.7,137,-22
2012,60,6,7,-5.48,0.63,4.19,447.8,1.74,141,-23
2012,60,6,8,-5.59,0.2,4.1,448.2,1.8,146,-23
2012,60,6,9,-5.61,0.31,4.09,448,1.72,140,-24
2012,60,6,10,-5.62,0.09,4.15,447.3,1.67,125,-24
2012,60,6,11,-5.82,-1.02,3.75,446.6,1.7,100,-23
2012,60,6,12,-5.91,-1.03,3.36,447.9,1.85,95,-23
2012,60,6,13,-5.65,-0.14,3.92,447.9,1.85,84,-23
2012,60,6,14,-5.68,-0.15,3.84,447.9,1.85,76,-23
2012,60,6,15,-5.88,-0.2,3.6,99999.9,99.99,70,-22
2012,60,6,16,-5.85,-0.2,3.67,449,1.84,68,-22
2012,60,6,17,-5.83,-0.2,3.73,449,1.84,75,-22
2012,60,6,18,-5.76,-0.12,3.85,99999.9,99.99,81,-21
2012,60,6,19,-5.54,0.21,4.13,449.5,1.63,84,-20
2012,60,6,20,-5.68,0.01,3.96,448.7,1.76,81,-20
2012,60,6,21,-5.81,0.02,3.76,448.4,1.82,77,-20
2012,60,6,22,-5.69,-0.07,3.95,99999.9,99.99,79,-20
2012,60,6,23,-5.55,-0.28,4.09,448,1.81,81,-20
2012,60,6,24,-5.58,-0.23,4.08,448,1.81,80,-20
2012,60,6,25,-5.71,0.1,3.93,99999.9,99.99,79,-20
2012,60,6,26,-5.72,0.16,3.92,447.2,1.88,77,-20
2012,60,6,27,-5.63,0.47,3.97,447.2,1.88,76,-20
2012,60,6,28,-5.51,0.51,4.08,447.2,1.88,71,-20
2012,60,6,29,-5.58,0.28,4.04,448.4,1.85,68,-20
2012,60,6,30,-5.52,0.15,4.12,448.4,1.85,66,-20
2012,60,6,31,-5.43,0.31,4.14,448.4,1.85,65,-19
2012,60,6,32,-5.45,0.81,4.01,99999.9,99.99,60,-19
2012,60,6,33,-5.51,0.73,3.98,448.2,1.98,58,-19
2012,60,6,34,-5.67,0.51,3.9,448.2,1.98,52,-19
2012,60,6,35,-5.76,0.28,3.75,99999.9,99.99,51,-19
2012,60,6,36,-5.69,0.56,3.81,447.3,1.98,50,-18
2012,60,6,37,-5.56,0.65,3.92,447.3,1.98,50,-18
2012,60,6,38,-5.47,0.78,4,447.3,1.98,49,-18
2012,60,6,39,-5.37,0.62,4.09,447.6,1.76,48,-18
2012,60,6,40,-5.22,0.45,4.22,447.6,1.76,52,-17
2012,60,6,41,-5.19,0.45,4.29,99999.9,99.99,51,-17
2012,60,6,42,-5.33,0.54,4.18,99999.9,99.99,55,-17
2012,60,6,43,-5.3,0.52,4.31,450.9,1.62,52,-17
2012,60,6,44,-5.04,0.13,4.54,450.9,1.62,48,-17
2012,60,6,45,-4.83,0.22,4.49,458.6,2.1,48,-16
2012,60,6,46,-4.88,0.24,4.39,458.6,2.1,46,-15
2012,60,6,47,-4.71,0.2,4.41,99999.9,99.99,46,-14
2012,60,6,48,-4.61,0.17,4.41,460.6,2.24,46,-14
2012,60,6,49,-4.56,0.4,4.48,460.6,2.24,44,-14
2012,60,6,50,-4.46,0.5,4.54,99999.9,99.99,44,-13
2012,60,6,51,-4.67,0.62,4.42,99999.9,99.99,42,-13
2012,60,6,52,-4.86,0.66,4.46,456.1,1.91,38,-14
2012,60,6,53,-5.07,0.93,4.13,456.1,1.91,37,-15
2012,60,6,54,-4.98,0.99,4.33,457.5,2.09,39,-16
2012,60,6,55,-4.52,0.69,4.45,459,2.29,45,-17
2012,60,6,56,-4.48,0.68,4.46,458.3,2.24,54,-18
2012,60,6,57,-4.56,0.96,4.31,458,2.22,65,-19
2012,60,6,58,-4.86,1.37,3.92,457.6,2.15,59,-19
2012,60,6,59,-4.58,2.19,3.67,457.1,2.27,54,-19
2012,60,7,0,-4.77,2.01,3.81,456.5,2.33,56,-19
2012,60,7,1,-4.73,2.12,3.81,454.8,2.14,57,-19
2012,60,7,2,-4.69,2.69,3.73,451.7,1.93,56,-18
2012,60,7,3,-4.66,2.27,3.79,453.8,2.12,55,-19
2012,60,7,4,-4.86,2.37,3.56,454.7,2.09,50,-19
2012,60,7,5,-4.88,2.56,3.4,454.2,2.08,41,-18
2012,60,7,6,-4.6,2.95,3.39,454.9,2.16,40,-18
2012,60,7,7,-4.46,3.31,3.24,454.9,2.14,40,-19
2012,60,7,8,-4.77,3.3,3.27,454.8,2.02,34,-18
2012,60,7,9,-4.34,4.03,3.3,454.8,2.01,30,-19
2012,60,7,10,-4.16,4.12,3.31,449.5,1.66,28,-18
2012,60,7,11,-3.79,4.43,3.34,449.5,1.66,29,-18
2012,60,7,12,-4.94,3.25,3.08,452.1,1.91,31,-18
2012,60,7,13,-4.84,3.28,3.15,452.1,1.91,36,-18
2012,60,7,14,-4.79,3.51,3.22,448.4,1.62,37,-17
2012,60,7,15,-4.87,3.09,3.29,448.4,1.62,38,-17
2012,60,7,16,-4.41,3.38,2.85,448.4,1.62,36,-17
2012,60,7,17,0.12,4.64,-1.2,99999.9,99.99,34,-17
2012,60,7,18,0.61,4.65,-1.48,99999.9,99.99,32,-16
2012,60,7,19,1.21,5.22,-2.05,455.8,2.7,29,-16
2012,60,7,20,1.2,5.24,-2.01,455.8,2.7,25,-16
2012,60,7,21,1.11,5.16,-2.12,458.1,3.16,21,-15
2012,60,7,22,9999.99,9999.99,9999.99,458.1,3.16,22,-13
2012,60,7,23,1.81,5.08,-2.55,458.1,3.16,28,-12
2012,60,7,24,1.56,5.18,-2.58,99999.9,99.99,37,-11
2012,60,7,25,1.69,5.02,-2.26,99999.9,99.99,40,-10
2012,60,7,26,1.63,5.15,-2.91,454.1,2.82,59,-9
2012,60,7,27,9999.99,9999.99,9999.99,453.5,2.9,67,-8
2012,60,7,28,-0.15,5.42,-1.38,460.1,3.27,46,-7
2012,60,7,29,0.63,6.03,-2.22,460.1,3.27,53,-7
2012,60,7,30,0.42,6.04,-2.06,458.8,2.83,44,-8
2012,60,7,31,-0.26,5.41,-1.29,458.8,2.83,55,-9
2012,60,7,32,-0.67,4.94,-0.99,455.2,3.28,49,-10
2012,60,7,33,-0.91,4.71,-0.61,455.2,3.28,47,-10
2012,60,7,34,-0.99,4.75,-0.62,99999.9,99.99,40,-10
2012,60,7,35,-0.88,5.04,-0.75,458.9,3.6,43,-9
2012,60,7,36,-0.41,5.28,-1,458.9,3.6,61,-8
2012,60,7,37,0.08,5.28,-0.8,466.8,3.16,79,-8
2012,60,7,38,-0.01,5.38,-0.6,466.8,3.16,94,-8
2012,60,7,39,-0.46,4.82,0.08,469,4.32,112,-7
2012,60,7,40,-0.47,4.75,-0.43,469,4.32,140,-7
2012,60,7,41,0.38,4.95,-0.63,470.6,3.32,176,-6
2012,60,7,42,0.41,4.99,-0.59,463.9,3.33,202,-6
2012,60,7,43,0.7,5.14,-0.66,458.3,3.39,203,-6
2012,60,7,44,-0.38,4.84,-0.49,463.3,3.33,192,-6
2012,60,7,45,-0.86,4.9,-0.39,463.6,3.18,181,-7
2012,60,7,46,-1.93,4.19,1.2,461.9,3.19,183,-7
2012,60,7,47,-0.12,3.91,0.19,463,3.22,156,-7
2012,60,7,48,0.36,4.23,-0.5,463.4,3.23,131,-7
2012,60,7,49,-1.5,3.9,0.97,459.1,3.45,129,-8
2012,60,7,50,-4.21,2.98,2.19,459.1,3.45,140,-8
2012,60,7,51,-4.67,2.36,2.49,99999.9,99.99,134,-9
2012,60,7,52,-4.76,1.39,3.1,458.4,2.74,140,-10
2012,60,7,53,-4.7,1.74,2.69,458.8,2.8,142,-10
2012,60,7,54,-4.4,2.07,2.93,456.9,2.93,141,-10
2012,60,7,55,-4.58,1.32,3.67,454.3,2.92,141,-10
2012,60,7,56,-4.68,1.15,3.6,99999.9,99.99,138,-11
2012,60,7,57,-4.68,1.15,3.6,99999.9,99.99,138,-11
2012,60,7,58,-4.73,0.29,3.75,99999.9,99.99,133,-11
2012,60,7,59,-4.51,0.03,4.02,99999.9,99.99,128,-11
2012,60,8,0,-4.11,-1.43,3.83,99999.9,99.99,123,-11
2012,60,8,1,-3.45,-2.19,3.96,450,2.49,118,-11
2012,60,8,2,-3.71,-1.5,3.78,451.8,2.52,114,-11
2012,60,8,3,-3.94,-1.63,3.59,457.1,2.57,111,-13
2012,60,8,4,-2.98,-3.85,3.35,456.6,2.49,112,-13
2012,60,8,5,-2.88,-3.95,3.32,449.7,2.45,116,-14
2012,60,8,6,9999.99,9999.99,9999.99,450.1,2.52,114,-15
2012,60,8,7,-2.71,-4.06,3.13,448.1,2.51,111,-16
2012,60,8,8,-2.69,-4.33,2.84,448.1,2.51,104,-16
2012,60,8,9,-2.6,-4.26,3.01,99999.9,99.99,102,-16
2012,60,8,10,-2.75,-4.13,2.99,99999.9,99.99,99,-17
2012,60,8,11,-2.87,-3.95,3.06,99999.9,99.99,95,-17
2012,60,8,12,-2.7,-3.9,3.13,447.8,2.4,94,-18
2012,60,8,13,-2.76,-3.79,3.24,447.8,2.39,89,-17
2012,60,8,14,-2.84,-3.71,3.37,447.2,2.26,84,-18
2012,60,8,15,-2.79,-3.71,3.42,447.2,2.25,79,-18
2012,60,8,16,-2.59,-3.94,3.25,99999.9,99.99,76,-18
2012,60,8,17,-2.65,-4.04,3.07,447.2,2.4,75,-18
2012,60,8,18,-3.09,-3.59,3.35,447.2,2.4,71,-19
2012,60,8,19,-3.46,-3.23,3.54,453.9,2.18,64,-19
2012,60,8,20,-3.62,-3.17,3.65,454.5,2.09,59,-19
2012,60,8,21,-4.05,-2.86,3.83,454.9,1.93,54,-19
2012,60,8,22,-4,-2.96,3.7,457.7,1.81,50,-19
2012,60,8,23,-4.11,-2.74,3.73,99999.9,99.99,49,-19
2012,60,8,24,-4.26,-2.26,3.9,99999.9,99.99,48,-18
2012,60,8,25,-4.37,-1.32,4.09,459.8,1.8,48,-18
2012,60,8,26,-4.15,-1.91,3.81,459.5,1.83,46,-18
2012,60,8,27,-4.1,-2.3,3.64,457.8,1.97,43,-18
2012,60,8,28,-4.38,-1.59,3.73,458.9,1.99,40,-17
2012,60,8,29,-4.39,-1.73,3.59,459.5,2.02,38,-18
2012,60,8,30,-4.66,-1.33,3.72,460.6,1.98,36,-18
2012,60,8,31,-4.63,-1.06,3.7,460.2,1.97,36,-17
2012,60,8,32,-4.61,-1.01,3.68,460.7,1.94,35,-17
2012,60,8,33,-4.83,0.04,3.83,461,1.91,31,-17
2012,60,8,34,-4.86,-0.59,3.74,460.8,1.91,28,-17
2012,60,8,35,-4.69,-1.96,3.5,460.8,1.91,26,-17
2012,60,8,36,-4.86,-1.35,3.54,99999.9,99.99,23,-17
2012,60,8,37,-4.89,-0.94,3.59,462.1,1.97,23,-16
2012,60,8,38,-4.78,-1.37,3.6,462.1,1.97,22,-16
2012,60,8,39,-4.75,-1.35,3.64,462.1,1.97,26,-16
2012,60,8,40,-4.8,-0.79,3.7,99999.9,99.99,27,-15
2012,60,8,41,-4.87,-0.76,3.57,99999.9,99.99,27,-15
2012,60,8,42,-4.89,-0.06,3.49,462.3,2.04,27,-15
2012,60,8,43,-4.54,1.42,3.6,462.3,2.04,25,-15
2012,60,8,44,-4.52,1.43,3.57,99999.9,99.99,26,-15
2012,60,8,45,-4.56,0.79,3.55,463.2,2.12,29,-14
2012,60,8,46,-4.56,0.15,3.7,463.2,2.12,32,-14
2012,60,8,47,-4.54,-0.03,3.76,99999.9,99.99,32,-14
2012,60,8,48,-4.45,-1.18,3.73,99999.9,99.99,30,-13
2012,60,8,49,-4.44,-0.94,3.61,463.8,1.98,27,-13
2012,60,8,50,-4.33,-0.88,3.65,463.8,1.98,25,-13
2012,60,8,51,-4.72,0.27,3.24,99999.9,99.99,24,-12
2012,60,8,52,-4.63,0.92,3.47,99999.9,99.99,23,-12
2012,60,8,53,9999.99,9999.99,9999.99,99999.9,99.99,24,-11
2012,60,8,54,9999.99,9999.99,9999.99,99999.9,99.99,24,-11
2012,60,8,55,9999.99,9999.99,9999.99,99999.9,99.99,24,-11
2012,60,8,56,9999.99,9999.99,9999.99,99999.9,99.99,24,-11
2012,60,8,57,9999.99,9999.99,9999.99,99999.9,99.99,20,-11
2012,60,8,58,9999.99,9999.99,9999.99,99999.9,99.99,20,-11
2012,60,8,59,-4.84,1.37,3.07,99999.9,99.99,23,-11
2012,60,9,0,-4.85,1.32,3.04,463,2.26,25,-11
2012,60,9,1,-4.77,1.2,3.08,463.1,2.31,26,-11
2012,60,9,2,-4.84,1.26,2.99,463.1,2.25,28,-11
2012,60,9,3,-4.82,1.26,3.02,460.6,2.3,28,-11
2012,60,9,4,-4.91,1.57,2.82,462.7,2.24,27,-10
2012,60,9,5,-4.91,1.52,2.87,464.5,2.08,25,-11
2012,60,9,6,-4.91,1.79,2.59,464.5,2.06,23,-11
2012,60,9,7,-4.94,1.88,2.47,99999.9,99.99,22,-11
2012,60,9,8,9999.99,9999.99,9999.99,99999.9,99.99,21,-11
2012,60,9,9,-4.76,-0.07,3.36,99999.9,99.99,21,-11
2012,60,9,10,-4.69,-0.07,3.26,99999.9,99.99,21,-11
2012,60,9,11,-4.6,-0.11,3.31,461.8,2.53,20,-11
2012,60,9,12,-4.66,-0.01,3.23,461.8,2.53,23,-11
2012,60,9,13,-4.72,0.21,3.02,99999.9,99.99,23,-11
2012,60,9,14,-4.91,0.78,2.71,99999.9,99.99,25,-11
2012,60,9,15,-5.09,0.8,2.56,461.7,2.49,24,-11
2012,60,9,16,-5.07,0.77,2.48,461.7,2.49,25,-11
2012,60,9,17,-5.1,0.54,2.44,461.7,2.49,24,-11
2012,60,9,18,-5.05,0.44,2.67,461.4,2.17,22,-11
2012,60,9,19,-5.04,0.72,2.78,461.4,2.17,24,-11
2012,60,9,20,-5.01,0.78,2.73,461.4,2.17,22,-11
2012,60,9,21,-4.99,0.94,2.72,99999.9,99.99,22,-11
2012,60,9,22,-5.09,0.85,2.66,99999.9,99.99,24,-11
2012,60,9,23,-5.14,0.79,2.58,459.3,2.32,25,-11
2012,60,9,24,-5.14,0.77,2.55,459.3,2.32,24,-11
2012,60,9,25,-5.09,0.83,2.66,459.3,2.32,25,-11
2012,60,9,26,-5.16,0.79,2.59,99999.9,99.99,22,-11
2012,60,9,27,-5.29,0.9,2.31,460.4,2.26,23,-11
2012,60,9,28,-5.25,0.99,2.32,460.4,2.26,24,-11
2012,60,9,29,-5.25,1.04,2.32,460.4,2.26,22,-11
2012,60,9,30,-5.15,1.03,2.47,99999.9,99.99,23,-11
2012,60,9,31,-5.14,1.04,2.47,99999.9,99.99,24,-11
2012,60,9,32,-5.16,1.07,2.43,460.2,2.3,22,-11
2012,60,9,33,-5.04,1.46,2.46,460.2,2.31,22,-11
2012,60,9,34,-5.07,1.42,2.51,460.1,2.35,22,-11
2012,60,9,35,-5.23,1.65,1.81,460.1,2.35,22,-11
2012,60,9,36,-5.07,1.66,2.2,461.6,2.23,22,-11
2012,60,9,37,-4.84,1.96,2.43,460.6,2.24,23,-11
2012,60,9,38,-4.68,1.96,2.72,458.6,2.15,22,-11
2012,60,9,39,-4.71,1.7,2.85,458.2,2.13,22,-11
2012,60,9,40,-4.6,1.73,2.9,457.6,2.27,24,-11
2012,60,9,41,-4.55,1.21,3.23,457.6,2.27,25,-11
2012,60,9,42,-4.59,1.47,2.98,458.9,2.24,24,-11
2012,60,9,43,-4.55,2.13,2.61,459.1,2.23,25,-11
2012,60,9,44,-4.3,2.33,2.46,459.1,2.23,26,-11
2012,60,9,45,-4.34,1.85,2.81,460.1,2.54,24,-11
2012,60,9,46,-4.13,2.99,1.33,459.7,2.52,23,-11
2012,60,9,47,-4.42,2.28,2.28,459.6,2.48,26,-11
2012,60,9,48,-4.29,2.53,2,459.4,2.29,25,-11
2012,60,9,49,-4.37,2.97,1.88,463.5,2.16,26,-10
2012,60,9,50,-4.48,2.46,2.12,462.8,2.24,27,-10
2012,60,9,51,-4.5,2.25,2.2,457.8,2.51,26,-10
2012,60,9,52,-4.54,1.75,2.36,458.5,2.31,24,-10
2012,60,9,53,-4.5,1.66,2.4,460.7,2.51,25,-10
2012,60,9,54,-4.49,1.95,1.9,462.1,2.72,25,-9
2012,60,9,55,-4.5,1.54,1.89,463.5,2.68,25,-9
2012,60,9,56,-4.42,1.23,2.06,463.3,2.69,26,-9
2012,60,9,57,-4.27,0.92,2.16,99999.9,99.99,26,-10
2012,60,9,58,-4.65,0.19,2.39,466,2.67,26,-10
2012,60,9,59,-4.42,0.63,2.64,466,2.67,25,-9
2012,60,10,0,-5.04,1.91,1.97,466,2.67,23,-10
2012,60,10,1,-5.24,2.11,2.18,99999.9,99.99,22,-10
2012,60,10,2,-5.28,2,2.14,468.9,1.9,22,-10
2012,60,10,3,-5.07,1.97,1.96,468.5,1.91,24,-10
2012,60,10,4,-5.39,1.9,1.99,468.4,1.92,27,-10
2012,60,10,5,-5.34,1.92,2.02,468.4,1.94,28,-10
2012,60,10,6,-4.67,2.34,1.81,464.4,2.19,28,-10
2012,60,10,7,-4.76,2.34,1.77,457,2.67,28,-10
2012,60,10,8,-4.73,2.38,1.73,460,2.65,26,-10
2012,60,10,9,-5.04,2.21,1.91,463.6,2.27,24,-10
2012,60,10,10,-5.03,1.94,2.22,465.3,1.9,21,-10
2012,60,10,11,-4.94,1.96,2.36,466.9,1.97,18,-10
2012,60,10,12,-5.45,1.41,2.1,464.6,2.09,20,-11
2012,60,10,13,-5.41,1.35,2.27,465.9,2.2,25,-12
2012,60,10,14,-5,1.34,2.57,468.6,2,24,-11
2012,60,10,15,-4.9,1.13,2.7,467.1,2.09,19,-12
2012,60,10,16,-4.72,0.62,3.17,464.5,2.18,20,-12
2012,60,10,17,-4.9,1.42,2.81,466.2,1.99,20,-12
2012,60,10,18,-4.94,1.77,2.78,464.5,2.04,19,-13
2012,60,10,19,-4.88,1.67,2.8,468.7,1.82,19,-12
2012,60,10,20,-4.87,1.87,2.67,468.8,1.85,19,-12
2012,60,10,21,-4.98,1.89,2.62,469.1,1.96,20,-13
2012,60,10,22,-5,1.75,2.71,466.9,1.92,22,-13
2012,60,10,23,-4.94,2.14,2.52,468.1,2.01,22,-13
2012,60,10,24,-5.02,1.76,2.73,468.9,1.91,21,-13
2012,60,10,25,-5,2.28,2.44,468.2,1.91,21,-13
2012,60,10,26,-4.89,2.89,2.06,99999.9,99.99,23,-13
2012,60,10,27,-4.9,2.86,2.04,99999.9,99.99,22,-13
2012,60,10,28,-4.87,2.89,2.01,464.3,1.85,21,-14
2012,60,10,29,-4.87,2.89,2.01,464.3,1.85,17,-14
2012,60,10,30,-4.88,2.98,2.01,464.3,1.85,14,-14
2012,60,10,31,-4.88,2.98,2.01,99999.9,99.99,14,-14
2012,60,10,32,-4.82,3,2.01,99999.9,99.99,14,-14
2012,60,10,33,-4.82,3,2,99999.9,99.99,14,-14
2012,60,10,34,-4.83,2.96,2,99999.9,99.99,17,-14
2012,60,10,35,9999.99,9999.99,9999.99,99999.9,99.99,22,-14
2012,60,10,36,-4.8,2.9,2.01,99999.9,99.99,22,-14
2012,60,10,37,9999.99,9999.99,9999.99,99999.9,99.99,22,-14
2012,60,10,38,-4.76,2.88,1.99,99999.9,99.99,22,-14
2012,60,10,39,9999.99,9999.99,9999.99,99999.9,99.99,23,-14
2012,60,10,40,-4.77,2.73,2.11,99999.9,99.99,22,-14
2012,60,10,41,-4.76,2.49,2.45,463.2,1.88,19,-14
2012,60,10,42,-4.76,2.49,2.45,463.2,1.88,17,-14
2012,60,10,43,-4.75,2.52,2.37,463.2,1.88,17,-14
2012,60,10,44,9999.99,9999.99,9999.99,99999.9,99.99,18,-14
2012,60,10,45,-4.81,2.54,2.22,99999.9,99.99,19,-14
2012,60,10,46,-4.84,2.53,2.12,99999.9,99.99,19,-14
2012,60,10,47,-4.84,2.53,2.12,99999.9,99.99,18,-15
2012,60,10,48,-4.74,2.41,2.49,99999.9,99.99,18,-15
2012,60,10,49,9999.99,9999.99,9999.99,99999.9,99.99,18,-15
2012,60,10,50,-4.98,2.59,2.22,99999.9,99.99,18,-15
2012,60,10,51,-5.17,2.68,2.18,464.5,1.69,18,-15
2012,60,10,52,-5.17,2.68,2.18,464.5,1.69,19,-15
2012,60,10,53,-5.1,2.63,2.19,464.5,1.69,19,-15
2012,60,10,54,-5.1,2.7,2.21,99999.9,99.99,19,-15
2012,60,10,55,-5.19,2.67,2.37,464.8,1.65,19,-15
2012,60,10,56,-5.25,2.73,2.35,464.8,1.65,20,-15
2012,60,10,57,-5.28,2.68,2.32,464.8,1.65,19,-15
2012,60,10,58,-5.27,2.71,2.39,99999.9,99.99,20,-14
2012,60,10,59,-5.31,2.72,2.29,464.8,1.53,19,-14
2012,60,11,0,-5.28,2.74,2.38,464.8,1.53,20,-14
2012,60,11,1,-5.29,2.67,2.42,99999.9,99.99,20,-14
2012,60,11,2,-5.27,2.76,2.32,99999.9,99.99,21,-14
2012,60,11,3,-5.25,2.68,2.42,99999.9,99.99,24,-14
2012,60,11,4,9999.99,9999.99,9999.99,99999.9,99.99,23,-13
2012,60,11,5,-5.24,2.73,2.39,99999.9,99.99,21,-13
2012,60,11,6,9999.99,9999.99,9999.99,99999.9,99.99,21,-13
2012,60,11,7,-5.24,2.66,2.4,465.2,1.64,20,-13
2012,60,11,8,-5.24,2.66,2.4,465.2,1.64,16,-13
2012,60,11,9,9999.99,9999.99,9999.99,465.2,1.64,17,-13
2012,60,11,10,9999.99,9999.99,9999.99,99999.9,99.99,18,-14
2012,60,11,11,-5.25,2.66,2.35,99999.9,99.99,18,-14
2012,60,11,12,9999.99,9999.99,9999.99,99999.9,99.99,18,-14
2012,60,11,13,9999.99,9999.99,9999.99,99999.9,99.99,17,-14
2012,60,11,14,9999.99,9999.99,9999.99,99999.9,99.99,19,-14
2012,60,11,15,-5.26,2.61,2.37,99999.9,99.99,19,-14
2012,60,11,16,9999.99,9999.99,9999.99,99999.9,99.99,21,-14
2012,60,11,17,9999.99,9999.99,9999.99,99999.9,99.99,20,-14
2012,60,11,18,9999.99,9999.99,9999.99,99999.9,99.99,20,-14
2012,60,11,19,-5.29,2.58,2.41,99999.9,99.99,20,-13
2012,60,11,20,9999.99,9999.99,9999.99,99999.9,99.99,21,-13
2012,60,11,21,9999.99,9999.99,9999.99,99999.9,99.99,21,-13
2012,60,11,22,-5.23,2.46,2.59,465.6,1.62,19,-13
2012,60,11,23,-5.24,2.51,2.55,465.6,1.62,19,-13
2012,60,11,24,-5.23,2.51,2.55,465.2,1.65,21,-14
2012,60,11,25,-5.23,2.53,2.54,465.2,1.65,22,-14
2012,60,11,26,-5.25,2.58,2.52,464.2,1.64,22,-14
2012,60,11,27,-5.08,2.39,2.7,463.3,1.67,21,-14
2012,60,11,28,-5.01,2.21,2.77,462.6,1.78,20,-14
2012,60,11,29,-5.29,2.34,2.22,463.2,1.88,20,-14
2012,60,11,30,-5.16,2.08,2.97,465.9,1.77,19,-14
2012,60,11,31,-5.3,2.67,2.18,466.3,1.75,20,-14
2012,60,11,32,-5.3,2.5,2.45,468,1.73,19,-14
2012,60,11,33,-5.25,2.32,2.78,468,1.73,21,-14
2012,60,11,34,-5.27,2.09,2.73,467.5,1.65,21,-14
2012,60,11,35,-5.23,1.85,2.88,466.9,1.63,21,-14
2012,60,11,36,-5.17,1.92,2.89,466.2,1.7,20,-13
2012,60,11,37,-5.13,1.95,2.87,466.2,1.7,22,-13
2012,60,11,38,-5.11,1.92,2.93,461.4,1.86,21,-13
2012,60,11,39,-5.05,1.74,3.01,459.6,1.93,21,-13
2012,60,11,40,-5.19,1.72,2.85,462.3,1.81,20,-13
2012,60,11,41,-5.27,1.79,2.79,457.8,1.9,21,-13
2012,60,11,42,-5.32,1.87,2.6,458.4,1.9,21,-13
2012,60,11,43,-5.41,1.57,2.74,456.5,1.95,21,-13
2012,60,11,44,9999.99,9999.99,9999.99,453.6,1.95,20,-13
2012,60,11,45,-5.4,1.45,2.85,99999.9,99.99,20,-13
2012,60,11,46,-5.42,1.43,2.81,99999.9,99.99,19,-13
2012,60,11,47,-5.43,1.46,2.83,99999.9,99.99,18,-13
2012,60,11,48,-5.43,1.45,2.81,453.4,1.94,17,-13
2012,60,11,49,-5.43,1.45,2.81,453.4,1.94,18,-13
2012,60,11,50,-5.42,1.45,2.8,453.4,1.94,20,-14
2012,60,11,51,-5.42,1.45,2.8,99999.9,99.99,20,-14
2012,60,11,52,-5.42,1.43,2.81,99999.9,99.99,19,-14
2012,60,11,53,-5.4,1.52,2.82,99999.9,99.99,18,-14
2012,60,11,54,-5.44,1.47,2.81,454.6,1.93,17,-14
2012,60,11,55,-5.46,1.33,2.79,454.3,1.93,17,-13
2012,60,11,56,-5.46,1.37,2.72,453.9,1.94,17,-14
2012,60,11,57,-5.44,1.39,2.82,454.6,2.05,17,-14
2012,60,11,58,-5.5,1.7,2.63,454.6,2.05,18,-14
2012,60,11,59,-5.46,1.56,2.67,455.3,2.02,22,-14
2012,60,12,0,-5.45,1.51,2.73,455.3,2.02,23,-14
2012,60,12,1,-5.52,1.74,2.65,458.5,2.06,20,-14
2012,60,12,2,-5.61,1.2,2.83,458.5,2.06,19,-14
2012,60,12,3,-5.55,1.47,2.84,456.9,2.08,22,-14
2012,60,12,4,-5.55,1.74,2.68,456.9,2.09,23,-14
2012,60,12,5,-5.6,1.67,2.7,457.1,2.14,21,-14
2012,60,12,6,-5.58,1.63,2.8,457.1,2.14,16,-14
2012,60,12,7,-5.6,1.55,2.79,99999.9,99.99,17,-14
2012,60,12,8,-5.59,1.55,2.83,99999.9,99.99,17,-14
2012,60,12,9,-5.6,2,2.51,456.7,2.11,17,-14
2012,60,12,10,-5.62,2.01,2.54,457.1,2.16,16,-14
2012,60,12,11,-5.6,1.98,2.56,456.4,2.13,17,-15
2012,60,12,12,-5.61,1.97,2.54,455.3,2.1,18,-15
2012,60,12,13,-5.6,1.81,2.56,456.4,2.13,21,-15
2012,60,12,14,-5.68,1.76,2.78,456.7,2.14,21,-15
2012,60,12,15,-5.86,0.98,2.98,456.9,2.17,19,-15
2012,60,12,16,-5.91,0.78,2.93,455.2,2.1,18,-15
2012,60,12,17,-6,1.05,2.7,456,2.08,21,-15
2012,60,12,18,-6.1,0.67,2.8,456.5,2.05,28,-15
2012,60,12,19,-6.11,0.25,2.85,456.2,2.03,27,-15
2012,60,12,20,-6.07,1.11,2.74,456.2,2.03,22,-15
2012,60,12,21,-6.02,1.26,2.85,99999.9,99.99,19,-15
2012,60,12,22,-6.04,1.33,2.83,99999.9,99.99,19,-15
2012,60,12,23,-6.12,1.21,2.73,456.5,1.95,18,-15
2012,60,12,24,-6.03,1.12,2.94,456.5,1.95,18,-15
2012,60,12,25,-5.98,1.43,2.87,99999.9,99.99,19,-15
2012,60,12,26,-6.05,0.96,2.99,99999.9,99.99,18,-15
2012,60,12,27,9999.99,9999.99,9999.99,99999.9,99.99,18,-15
2012,60,12,28,9999.99,9999.99,9999.99,99999.9,99.99,20,-15
2012,60,12,29,-6,1.08,3.01,99999.9,99.99,23,-15
2012,60,12,30,-5.62,3.07,1.59,457.1,2.02,21,-14
2012,60,12,31,-6.12,2.2,1.47,455.1,2.02,20,-14
2012,60,12,32,-6.14,2.09,1.94,452.2,2.02,19,-15
2012,60,12,33,-5.81,2.49,2.28,454.7,2.08,20,-15
2012,60,12,34,-5.96,1.95,2.57,455,2.07,22,-15
2012,60,12,35,-5.95,1.96,2.58,453.2,2.05,19,-14
2012,60,12,36,-5.95,2.22,2.29,454.3,2.08,21,-14
2012,60,12,37,-6.09,1.97,2.37,455.8,2.05,22,-15
2012,60,12,38,-5.9,2.07,2.58,456.2,2.01,21,-14
2012,60,12,39,-6.11,1.58,2.57,456.6,2.02,21,-14
2012,60,12,40,-6.07,1.4,2.8,457.5,2.02,19,-14
2012,60,12,41,-5.82,1.91,2.78,457.2,2.08,19,-14
2012,60,12,42,9999.99,9999.99,9999.99,456.6,2.06,22,-14
2012,60,12,43,-5.05,4.27,2.2,448.5,1.99,21,-14
2012,60,12,44,-5.16,4.16,2.21,448.9,2,21,-14
2012,60,12,45,9999.99,9999.99,9999.99,449,2.02,21,-14
2012,60,12,46,9999.99,9999.99,9999.99,99999.9,99.99,24,-14
2012,60,12,47,-5.02,4.31,2.28,99999.9,99.99,24,-14
2012,60,12,48,-5.18,4.13,2.29,449.4,2.07,25,-14
2012,60,12,49,-5.14,4.16,2.34,449.4,2.07,25,-14
2012,60,12,50,-5.39,3.81,2.38,99999.9,99.99,26,-14
2012,60,12,51,-5.44,3.8,2.3,449.9,2.02,27,-14
2012,60,12,52,-5.4,3.86,2.28,449.9,2.02,27,-14
2012,60,12,53,9999.99,9999.99,9999.99,99999.9,99.99,27,-14
2012,60,12,54,-5.37,3.94,2.23,99999.9,99.99,24,-13
2012,60,12,55,-5.41,3.83,2.34,99999.9,99.99,24,-14
2012,60,12,56,9999.99,9999.99,9999.99,99999.9,99.99,23,-14
2012,60,12,57,-5.31,4.05,2.14,99999.9,99.99,23,-14
2012,60,12,58,-5.29,4.14,2.02,99999.9,99.99,24,-14
2012,60,12,59,-5.26,4.26,1.81,449.5,2.08,22,-14
2012,60,13,0,-5.26,4.26,1.82,449.5,2.08,24,-14
2012,60,13,1,-5.35,4.13,1.93,449.5,2.08,27,-14
2012,60,13,2,-5.43,3.96,2.08,99999.9,99.99,28,-14
2012,60,13,3,-5.4,4.11,1.93,450.5,2.04,24,-14
2012,60,13,4,-5.39,3.99,2.3,450.5,2.04,27,-14
2012,60,13,5,-5.44,3.9,2.37,450.5,2.04,27,-14
2012,60,13,6,-5.47,3.79,2.48,450.5,2.03,28,-14
2012,60,13,7,-5.51,3.62,2.73,450.5,2.03,31,-14
2012,60,13,8,-5.52,3.43,2.93,450.5,2.03,29,-14
2012,60,13,9,-5.53,4,2.59,451.5,1.95,26,-14
2012,60,13,10,-5.49,4.07,2.53,454.4,1.93,26,-14
2012,60,13,11,-5.62,3.68,2.63,456.6,1.86,26,-14
2012,60,13,12,-5.68,3.49,2.76,453.5,2.08,25,-14
2012,60,13,13,-5.82,3.25,2.65,452.3,1.99,25,-14
2012,60,13,14,-5.79,3.52,2.51,454.5,2,26,-14
2012,60,13,15,-5.79,3.48,2.55,454.3,1.97,28,-14
2012,60,13,16,-5.6,3.64,2.76,453.2,2.02,27,-14
2012,60,13,17,-5.62,3.82,2.59,452.8,1.91,27,-14
2012,60,13,18,-5.95,3.25,2.37,452.4,1.85,24,-14
2012,60,13,19,-5.96,3.26,2.31,453.7,2.02,26,-13
2012,60,13,20,-5.94,3.26,2.34,454.4,2.1,29,-13
2012,60,13,21,-5.88,3.34,2.44,454.4,2.1,30,-13
2012,60,13,22,-5.93,3.3,2.47,99999.9,99.99,27,-13
2012,60,13,23,-5.64,3.88,2.51,99999.9,99.99,27,-13
2012,60,13,24,-5.59,3.85,2.62,99999.9,99.99,24,-13
2012,60,13,25,-5.59,4.03,2.42,457.1,2,26,-14
2012,60,13,26,-5.58,3.95,2.51,457.1,2,24,-14
2012,60,13,27,-5.64,3.88,2.49,99999.9,99.99,24,-14
2012,60,13,28,-5.68,3.81,2.51,455.6,2,25,-14
2012,60,13,29,-5.63,3.83,2.58,455.6,2,24,-13
2012,60,13,30,-5.57,3.8,2.73,455.3,1.99,22,-13
2012,60,13,31,-5.53,3.82,2.8,455.1,1.98,25,-13
2012,60,13,32,-5.58,3.77,2.78,455.1,1.98,24,-13
2012,60,13,33,-5.61,3.72,2.76,99999.9,99.99,24,-13
2012,60,13,34,-5.59,3.71,2.77,455.6,2.06,26,-13
2012,60,13,35,-5.55,3.69,2.83,455.6,2.06,29,-13
2012,60,13,36,-5.58,3.71,2.73,455.6,2.06,30,-13
2012,60,13,37,-5.61,3.7,2.73,99999.9,99.99,26,-13
2012,60,13,38,-5.58,3.79,2.72,99999.9,99.99,26,-13
2012,60,13,39,-5.52,3.91,2.69,454.9,1.97,25,-13
2012,60,13,40,-5.6,3.78,2.66,454.9,1.97,25,-13
2012,60,13,41,-5.74,3.64,2.57,455.4,2.01,29,-13
2012,60,13,42,-5.77,3.58,2.6,455.4,2.01,27,-13
2012,60,13,43,-5.83,3.59,2.46,455.4,2.01,29,-13
2012,60,13,44,-5.92,3.53,2.32,456.6,1.97,29,-13
2012,60,13,45,-5.91,3.59,2.27,456.6,1.97,29,-13
2012,60,13,46,-5.84,3.58,2.42,456.6,1.97,30,-12
2012,60,13,47,-5.86,3.55,2.42,99999.9,99.99,27,-12
2012,60,13,48,-5.86,3.53,2.41,99999.9,99.99,28,-12
2012,60,13,49,-5.82,3.56,2.47,99999.9,99.99,32,-12
2012,60,13,50,-5.94,3.53,2.28,99999.9,99.99,32,-12
2012,60,13,51,-5.93,3.51,2.28,454.5,1.96,34,-12
2012,60,13,52,-5.96,3.49,2.28,454.5,1.96,32,-12
2012,60,13,53,-6.01,3.45,2.18,99999.9,99.99,30,-12
2012,60,13,54,-6.06,3.37,2.18,454.3,1.99,28,-11
2012,60,13,55,-6.06,3.34,2.2,454.3,1.99,31,-11
2012,60,13,56,-6.05,3.3,2.24,99999.9,99.99,30,-11
2012,60,13,57,-6.03,3.35,2.21,99999.9,99.99,29,-12
2012,60,13,58,-6.05,3.34,2.21,99999.9,99.99,31,-12
2012,60,13,59,-6.09,3.33,2.09,99999.9,99.99,31,-12
2012,60,14,0,-6.13,3.29,1.99,454.5,1.95,33,-12
2012,60,14,1,-6.18,3.18,2.1,454.5,1.95,35,-12
2012,60,14,2,-6.21,3.23,2.01,453.5,1.96,33,-12
2012,60,14,3,-6.24,3.16,1.98,453.5,1.96,33,-12
2012,60,14,4,-6.21,3.12,2.07,99999.9,99.99,34,-12
2012,60,14,5,-6.23,3.13,1.96,99999.9,99.99,34,-12
2012,60,14,6,-6.27,3.13,1.95,454.5,1.93,34,-12
2012,60,14,7,-6.25,3.16,1.93,454.5,1.93,31,-12
2012,60,14,8,-6.28,3.11,1.94,454.1,1.92,31,-12
2012,60,14,9,-6.31,3.06,1.93,453.2,1.9,33,-12
2012,60,14,10,-5.97,2.54,2.31,453.6,2.06,29,-12
2012,60,14,11,-6.03,2.7,2.12,453.9,2.32,32,-12
2012,60,14,12,-5.92,2.8,2.08,453.1,2.17,32,-12
2012,60,14,13,-5.92,2.99,2.03,452.6,1.91,35,-12
2012,60,14,14,-5.84,2.88,2.24,99999.9,99.99,32,-12
2012,60,14,15,-5.89,2.87,2.18,452.4,2.38,31,-12
2012,60,14,16,-5.66,3.13,2.09,452.6,2.37,30,-12
2012,60,14,17,-5.42,3.44,2.06,453.7,2.3,29,-12
2012,60,14,18,-5.61,3.2,2.16,452.3,2.14,28,-12
2012,60,14,19,-5.65,3.17,2.23,451.1,2.34,26,-12
2012,60,14,20,-5.65,3.26,2.14,450.9,2.26,31,-12
2012,60,14,21,-5.56,3.19,2.23,451.4,2.05,39,-11
2012,60,14,22,-5.92,2.95,2.07,451.2,2.33,41,-11
2012,60,14,23,-5.98,2.95,2.03,448.8,2.31,39,-12
2012,60,14,24,-5.94,3.04,2.04,450.2,2.05,35,-11
2012,60,14,25,-5.88,3.13,1.99,451.4,1.91,38,-12
2012,60,14,26,-6,3.05,1.95,452.6,2.13,46,-12
2012,60,14,27,-5.98,3.02,1.96,450,2.14,44,-11
2012,60,14,28,-5.92,3.06,1.99,448.3,2.28,43,-12
2012,60,14,29,-5.89,3.1,1.98,99999.9,99.99,44,-12
2012,60,14,30,-5.83,3.11,2.05,448.6,2.33,45,-12
2012,60,14,31,-5.81,3.1,2.04,449.3,2.3,42,-12
2012,60,14,32,-5.86,3.09,2.08,454.3,2.02,45,-12
2012,60,14,33,-5.84,3.1,2.12,452.1,2.07,45,-12
2012,60,14,34,-5.7,3.14,2.17,450.9,2.1,42,-12
2012,60,14,35,-5.8,3.04,2.13,452.6,1.99,42,-12
2012,60,14,36,-5.83,3.05,2.09,452,2.18,41,-12
2012,60,14,37,-5.86,3.09,2.11,452.2,2.08,38,-12
2012,60,14,38,-5.42,3.41,1.83,451.8,1.99,37,-12
2012,60,14,39,-5.04,3.6,2.36,449,2.31,42,-12
2012,60,14,40,-4.98,3.74,2.49,449,2.31,46,-12
2012,60,14,41,-4.97,3.79,2.41,99999.9,99.99,47,-12
2012,60,14,42,-4.86,3.89,2.51,448.8,2.2,44,-12
2012,60,14,43,-5.09,3.76,2.19,448.8,2.2,38,-12
2012,60,14,44,-5.04,3.83,2.16,448.6,2.21,36,-12
2012,60,14,45,-5.04,3.85,2.05,448.6,2.21,39,-12
2012,60,14,46,-5.03,3.8,2.06,448.6,2.21,48,-12
2012,60,14,47,-5.06,3.8,2.06,448.3,2.28,54,-12
2012,60,14,48,-5.1,3.83,1.95,448.3,2.28,52,-12
2012,60,14,49,-5.1,3.88,1.89,448.2,2.26,48,-12
2012,60,14,50,-5.08,3.94,1.84,449.7,2.22,44,-11
2012,60,14,51,-5.08,3.97,1.84,453.6,2.12,42,-11
2012,60,14,52,-5.08,3.92,1.94,449.3,2.22,44,-11
2012,60,14,53,-5.07,3.92,2.01,451.7,2.2,45,-11
2012,60,14,54,-5.05,3.96,1.93,454.5,2.19,42,-11
2012,60,14,55,-5.06,3.96,1.77,451.8,2.16,43,-11
2012,60,14,56,-5.13,3.61,2.02,452.5,2.22,42,-11
2012,60,14,57,-5.18,3.27,2.19,452.3,2.3,42,-11
2012,60,14,58,-4.48,4.04,1.68,452.1,2.33,43,-11
2012,60,14,59,-4.39,4.15,1.69,450.5,2.64,46,-10
2012,60,15,0,-4.25,4.4,1.55,450.5,2.64,50,-10
2012,60,15,1,-4.49,4.03,1.75,99999.9,99.99,51,-10
2012,60,15,2,-4.44,4.13,1.89,99999.9,99.99,50,-10
2012,60,15,3,-4.47,4.36,1.78,449.9,2.53,46,-10
2012,60,15,4,-4.48,4.35,1.9,449.9,2.53,43,-10
2012,60,15,5,-4.54,4.32,1.89,449.9,2.53,42,-10
2012,60,15,6,-4.41,4.43,1.92,99999.9,99.99,43,-10
2012,60,15,7,-4.3,4.52,1.98,450.7,2.39,44,-10
2012,60,15,8,-4.34,4.47,2.05,450.7,2.39,43,-10
2012,60,15,9,-4.43,4.38,2.08,99999.9,99.99,42,-10
2012,60,15,10,-4.44,4.37,2.04,99999.9,99.99,45,-10
2012,60,15,11,-4.46,4.34,2.09,99999.9,99.99,48,-10
2012,60,15,12,-4.44,4.34,2.12,449.4,2.35,53,-10
2012,60,15,13,-4.07,4.59,2.17,449.4,2.35,55,-10
2012,60,15,14,-3.77,4.75,2.26,99999.9,99.99,56,-10
2012,60,15,15,-3.72,4.71,2.27,99999.9,99.99,54,-10
2012,60,15,16,-3.77,4.61,2.31,449.6,2.52,54,-9
2012,60,15,17,-3.71,4.61,2.41,449.6,2.52,53,-9
2012,60,15,18,-3.72,4.59,2.42,99999.9,99.99,52,-9
2012,60,15,19,-3.8,4.49,2.46,99999.9,99.99,58,-9
2012,60,15,20,-3.74,4.52,2.52,449.2,2.51,63,-9
2012,60,15,21,-3.78,4.51,2.52,449.2,2.51,68,-9
2012,60,15,22,-3.7,4.53,2.55,99999.9,99.99,71,-9
2012,60,15,23,-3.71,4.5,2.51,448.7,2.48,69,-9
2012,60,15,24,-3.74,4.43,2.56,448.7,2.48,63,-9
2012,60,15,25,-3.83,4.38,2.62,448.7,2.48,53,-9
2012,60,15,26,-3.83,4.36,2.64,99999.9,99.99,47,-9
2012,60,15,27,-4.13,4.24,2.5,448.8,2.46,40,-9
2012,60,15,28,-4.17,4.2,2.45,448.8,2.46,36,-9
2012,60,15,29,-4.17,4.23,2.44,448.8,2.46,36,-9
2012,60,15,30,-4.23,4.14,2.47,99999.9,99.99,36,-9
2012,60,15,31,-4.25,4.17,2.48,99999.9,99.99,38,-9
2012,60,15,32,-4.37,4.15,2.39,99999.9,99.99,43,-9
2012,60,15,33,-4.33,4.17,2.42,445.6,2.41,48,-9
2012,60,15,34,-4.44,4.13,2.34,445.6,2.41,49,-9
2012,60,15,35,-4.46,4.13,2.22,445.6,2.41,45,-9
2012,60,15,36,-4.4,4.1,2.28,449.5,2.49,42,-9
2012,60,15,37,-4.38,4.06,2.35,449.5,2.49,38,-9
2012,60,15,38,-4.41,4.08,2.36,449.5,2.49,37,-9
2012,60,15,39,-4.57,4.09,2.27,99999.9,99.99,35,-9
2012,60,15,40,-4.67,3.97,1.78,450.2,2.46,32,-9
2012,60,15,41,-4.75,4.03,1.83,450.2,2.42,34,-9
2012,60,15,42,-4.76,4.04,1.96,450.5,2.33,37,-9
2012,60,15,43,-4.59,4.04,2.21,450.5,2.38,39,-9
2012,60,15,44,-4.66,4.01,2.14,450.3,2.45,38,-9
2012,60,15,45,-4.71,4.11,1.98,99999.9,99.99,32,-10
2012,60,15,46,9999.99,9999.99,9999.99,99999.9,99.99,29,-10
2012,60,15,47,-4.69,4.01,2.2,450.1,2.29,28,-10
2012,60,15,48,-4.67,4.03,2.33,450.1,2.29,30,-10
2012,60,15,49,-4.69,4,2.34,99999.9,99.99,31,-10
2012,60,15,50,-4.76,3.92,2.35,99999.9,99.99,30,-10
2012,60,15,51,-4.86,3.86,2.28,99999.9,99.99,30,-10
2012,60,15,52,-4.91,4,1.95,448.7,2.23,35,-10
2012,60,15,53,-4.85,3.99,2.13,448.7,2.23,40,-10
2012,60,15,54,-4.84,4.01,2.07,448.7,2.23,40,-9
2012,60,15,55,-4.74,3.94,2.3,449.9,2.21,36,-9
2012,60,15,56,-4.8,3.95,2.24,449.9,2.21,31,-9
2012,60,15,57,-4.88,4.07,1.94,447.8,2.29,27,-9
2012,60,15,58,-4.83,4.1,2.04,447.8,2.29,25,-9
2012,60,15,59,-4.78,4.15,2.04,447.8,2.29,26,-9
2012,60,16,0,-4.79,4.07,2.08,99999.9,99.99,27,-8
2012,60,16,1,-4.8,4.01,2.14,99999.9,99.99,29,-8
2012,60,16,2,-4.8,4.01,2.15,99999.9,99.99,28,-8
2012,60,16,3,-4.79,4.02,2.14,449.6,2.26,30,-8
2012,60,16,4,-4.81,4,2.08,449.6,2.26,31,-8
2012,60,16,5,-3.98,4.09,2.64,447.2,2.5,30,-8
2012,60,16,6,-3.54,4.39,2.92,442.8,2.45,29,-8
2012,60,16,7,-4,4.33,2.6,443.7,2.46,28,-7
2012,60,16,8,-3.96,4.25,2.72,440.7,2.32,26,-7
2012,60,16,9,-4.17,4.27,2.57,444.3,2.43,28,-7
2012,60,16,10,-4.19,4.2,2.61,442.9,2.33,33,-7
2012,60,16,11,-4.4,4.33,2.19,444.5,2.3,32,-7
2012,60,16,12,-4.43,4.22,2.25,444.2,2.35,27,-7
2012,60,16,13,-4.34,4.32,2.19,443.6,2.36,23,-7
2012,60,16,14,-4.29,4.45,1.99,443,2.37,18,-7
2012,60,16,15,-4.21,4.47,1.9,443,2.37,18,-8
2012,60,16,16,-3.97,4.53,2.19,99999.9,99.99,21,-8
2012,60,16,17,-4.12,4.41,2.11,99999.9,99.99,21,-8
2012,60,16,18,-4.19,4.31,2.18,440.8,2.58,19,-8
2012,60,16,19,-4.35,4.28,2.19,441.2,2.48,24,-8
2012,60,16,20,-4.78,4.29,1.91,443.5,2.37,23,-8
2012,60,16,21,-5.05,4.22,1.25,447.2,2.35,20,-8
2012,60,16,22,-4.73,4.32,1.99,447.4,2.33,20,-8
2012,60,16,23,-4.68,4.27,2.01,446.7,2.33,22,-8
2012,60,16,24,-4.8,4.13,1.86,445.9,2.4,22,-8
2012,60,16,25,-4.9,4.09,1.6,447,2.32,21,-8
2012,60,16,26,-4.82,4.15,1.78,447,2.32,20,-8
2012,60,16,27,-4.76,4.34,2.04,447.6,2.22,22,-8
2012,60,16,28,-4.67,4.43,2.43,447.5,2.31,23,-8
2012,60,16,29,-4.53,4.46,2.68,447.5,2.01,31,-7
2012,60,16,30,-4.55,4.44,2.62,447.5,2.01,34,-8
2012,60,16,31,-4.55,4.49,2.54,447.3,2.13,36,-8
2012,60,16,32,-4.36,4.51,2.81,447.1,2.11,43,-7
2012,60,16,33,-4.52,4.68,2.51,446.5,2.02,46,-8
2012,60,16,34,-4.36,4.72,2.64,447,2.01,57,-7
2012,60,16,35,-4.44,4.78,2.42,447.4,2.11,56,-7
2012,60,16,36,-4.54,4.74,2.12,445.3,2.09,57,-7
2012,60,16,37,-4.65,4.84,1.83,445.2,2.25,62,-7
2012,60,16,38,-4.75,4.52,2.18,445.7,2.15,65,-7
2012,60,16,39,-4.72,4.31,2.52,445.9,2.15,66,-7
2012,60,16,40,-4.72,4.43,2.12,446,2.24,89,-7
2012,60,16,41,-4.65,4.34,2.33,446.9,2.4,94,-7
2012,60,16,42,-4.43,4.27,2.44,446.8,2.45,76,-7
2012,60,16,43,-4.33,4.44,2.12,443.8,2.75,77,-7
2012,60,16,44,-4.43,4.47,2,445.1,2.59,78,-6
2012,60,16,45,-4.58,4.36,1.93,445.6,2.53,80,-6
2012,60,16,46,-4.62,4.23,1.95,446.2,2.66,72,-6
2012,60,16,47,-4.46,4.26,1.87,446.5,2.71,74,-6
2012,60,16,48,-4.48,4.23,1.61,447.1,2.77,75,-6
2012,60,16,49,-4.58,4.37,1.59,447.5,2.82,78,-6
2012,60,16,50,-4.75,4.31,1.44,447.4,2.68,82,-5
2012,60,16,51,-4.83,4.26,1.3,447.4,2.62,71,-5
2012,60,16,52,-4.87,4.26,1.09,445.9,2.67,68,-5
2012,60,16,53,-4.86,4.28,1.04,446,2.67,65,-5
2012,60,16,54,-4.86,4.31,1,447,2.6,66,-5
2012,60,16,55,-4.8,4.24,0.97,448.2,2.65,62,-5
2012,60,16,56,-4.7,4.28,1.07,448.6,2.66,51,-4
2012,60,16,57,-4.79,4.45,1.23,444.4,2.45,62,-4
2012,60,16,58,-4.6,4.46,1.36,444.4,2.45,67,-3
2012,60,16,59,-4.53,4.49,1.32,446.4,2.65,67,-3
2012,60,17,0,-4.75,4.46,1.08,446.7,2.68,57,-3
2012,60,17,1,-4.83,4.49,0.88,446.7,2.68,50,-3
2012,60,17,2,-4.73,4.44,0.82,445.4,2.47,44,-4
2012,60,17,3,-4.64,4.39,0.66,445.4,2.47,53,-4
2012,60,17,4,-4.57,4.47,0.53,446.6,2.6,53,-4
2012,60,17,5,-4.51,4.54,0.31,446.6,2.58,45,-4
2012,60,17,6,-4.52,4.53,0.12,446.8,2.55,42,-4
2012,60,17,7,-4.44,4.64,0,447.4,2.54,44,-4
2012,60,17,8,-4.63,4.54,0.16,447.6,2.52,52,-4
2012,60,17,9,-4.61,4.59,0.31,447.6,2.55,48,-4
2012,60,17,10,-4.7,4.59,0.36,447.5,2.52,51,-4
2012,60,17,11,-4.57,4.73,0.29,447.3,2.29,55,-4
2012,60,17,12,-4.71,4.75,0.59,447.7,2.45,56,-4
2012,60,17,13,-4.88,5.39,0.15,450.3,2.4,57,-4
2012,60,17,14,-5.15,5.8,1.22,449.9,2.35,63,-4
2012,60,17,15,-5.23,5.75,1.74,451.7,2.53,58,-4
2012,60,17,16,-5.2,5.74,1.86,451.2,2.53,60,-5
2012,60,17,17,-5.16,5.66,1.71,449.4,2.53,64,-5
2012,60,17,18,-4.99,5.78,1.92,451,2.65,62,-5
2012,60,17,19,-5.1,5.73,1.61,451.2,2.67,67,-5
2012,60,17,20,-5.1,5.86,1.56,451.2,2.53,69,-5
2012,60,17,21,-5.05,5.82,1.85,451.2,2.52,66,-5
2012,60,17,22,-5.03,5.82,1.65,450.2,2.42,72,-5
2012,60,17,23,-5.01,5.78,1.47,451.7,2.51,84,-5
2012,60,17,24,-4.91,5.83,1.43,452.4,2.55,79,-5
2012,60,17,25,-4.91,5.52,1.86,453.6,2.7,79,-5
2012,60,17,26,-4.82,5.54,2.4,453.6,2.7,88,-4
2012,60,17,27,-5.01,5.58,2.05,453.1,2.38,86,-5
2012,60,17,28,-5.08,5.41,2.01,453.1,2.38,86,-5
2012,60,17,29,-4.78,5.18,2.06,451.6,2.94,80,-5
2012,60,17,30,-4.69,5.34,1.87,451.9,2.9,81,-5
2012,60,17,31,-4.77,5.17,2,452.1,2.85,91,-5
2012,60,17,32,-4.53,4.9,1.93,450.4,2.85,85,-5
2012,60,17,33,-4.47,4.83,2.03,449.6,3,80,-5
2012,60,17,34,-4.5,4.67,2.27,449.3,3.05,85,-5
2012,60,17,35,-4.74,4.55,2.25,447.5,3.09,159,-5
2012,60,17,36,-4.79,4.63,2.17,447.5,3.09,210,-4
2012,60,17,37,-4.75,4.44,2.13,445.2,3.12,165,-4
2012,60,17,38,-5.06,4.45,2.01,446,3.1,118,-4
2012,60,17,39,-5.06,4.34,1.76,446.3,3.12,110,-4
2012,60,17,40,-4.93,4.21,2.04,446.3,3.14,111,-3
2012,60,17,41,-5.19,4.12,2.02,443.7,3.04,119,-3
2012,60,17,42,-5.04,4.38,1.97,443.6,3.04,118,-3
2012,60,17,43,-5,4.44,2,441.5,2.89,113,-3
2012,60,17,44,-4.67,4.64,2.31,441.9,2.92,113,-3
2012,60,17,45,-4.42,4.92,2.62,444,3.07,114,-3
2012,60,17,46,-4.36,4.88,2.73,444.6,3.06,131,-3
2012,60,17,47,-4.27,4.8,3.09,445.7,3.22,150,-3
2012,60,17,48,-4.36,5,2.69,446.7,3.1,175,-3
2012,60,17,49,-4.14,5.44,2.07,446.7,3.1,219,-3
2012,60,17,50,-4.14,5.47,2.1,447.8,3.22,197,-3
2012,60,17,51,-4.24,5.28,1.96,447.8,3.22,184,-3
2012,60,17,52,-4.31,5.58,1.07,447.1,3.15,196,-3
2012,60,17,53,-3.95,5.89,0.45,446.2,3.2,186,-3
2012,60,17,54,-4.11,5.65,1.12,446.5,3.17,216,-3
2012,60,17,55,-4.49,5.26,1.73,447.4,3.07,218,-3
2012,60,17,56,-4.69,4.84,2.21,447.7,3.03,244,-2
2012,60,17,57,-4.61,4.78,2.3,447.9,3.07,209,-2
2012,60,17,58,-4.56,4.38,3.08,448.6,3.16,164,-3
2012,60,17,59,-4.39,4.2,3.32,452,3.2,152,-3
2012,60,18,0,-4.17,4.17,3.32,452.3,3.2,151,-3
2012,60,18,1,-3.99,4.29,3.06,452.4,3.19,148,-3
2012,60,18,2,-4.01,4.49,2.77,450.8,3.3,142,-3
2012,60,18,3,-4.1,4.52,2.86,450.8,3.3,131,-2
2012,60,18,4,-4.07,4.61,2.68,451.8,3.11,129,-3
2012,60,18,5,-4.01,4.68,2.54,451.8,3.11,133,-3
2012,60,18,6,-3.93,4.75,2.52,451.2,3.32,132,-2
2012,60,18,7,-4.01,4.76,2.34,451.1,3.32,127,-2
2012,60,18,8,-4.03,4.8,2.31,450.5,3.3,125,-3
2012,60,18,9,-4.1,4.78,2.37,450.5,3.3,121,-2
2012,60,18,10,-4.14,4.75,2.27,450,3.26,118,-3
2012,60,18,11,-4.19,4.69,2.07,449.9,3.27,111,-2
2012,60,18,12,-4.27,4.65,2.19,448.8,3.37,107,-2
2012,60,18,13,-4.36,4.58,1.98,449,3.37,102,-3
2012,60,18,14,-4.38,4.77,1.77,449.6,3.38,99,-3
2012,60,18,15,-4.19,4.58,2,448.5,3.55,99,-3
2012,60,18,16,-4.06,4.77,1.86,449.2,3.6,94,-3
2012,60,18,17,-4.2,4.78,1.64,451.3,3.67,96,-2
2012,60,18,18,-4.3,4.88,1.64,449.5,3.44,88,-2
2012,60,18,19,-4.24,4.91,1.73,450.3,3.44,82,-2
2012,60,18,20,-4.1,4.76,1.72,451.6,3.43,81,-2
2012,60,18,21,-3.95,4.44,1.76,448.6,3.78,77,-2
2012,60,18,22,-3.95,4.49,1.82,448.6,3.76,78,-2
2012,60,18,23,-3.96,4.45,1.94,448.5,3.73,81,-2
2012,60,18,24,-3.95,4.54,1.84,448.7,3.74,79,-2
2012,60,18,25,-3.99,4.34,1.97,448.6,3.77,75,-2
2012,60,18,26,-4.16,4.5,2.24,448.5,3.84,74,-2
2012,60,18,27,-4.17,4.71,2.32,451.7,3.45,72,-2
2012,60,18,28,-4.1,4.73,2.42,451.8,3.44,67,-2
2012,60,18,29,-4.05,4.77,2.38,451.6,3.46,61,-2
2012,60,18,30,-4.08,4.7,2.34,451.6,3.46,65,-2
2012,60,18,31,-4.19,4.77,2.32,448.7,3.47,60,-2
2012,60,18,32,-4.38,4.64,2.41,448.7,3.47,61,-2
2012,60,18,33,-4.52,4.7,2.21,449.3,3.39,59,-2
2012,60,18,34,-4.56,4.62,2.21,449.1,3.34,58,-2
2012,60,18,35,-4.3,4.61,2.53,448.6,3.21,54,-3
2012,60,18,36,-4.33,4.5,2.88,448.4,3.27,51,-3
2012,60,18,37,-4.33,4.48,2.72,448.1,3.34,49,-3
2012,60,18,38,-4.2,4.43,2.74,448.3,3.46,50,-3
2012,60,18,39,-4.12,4.69,2.49,448.5,3.55,50,-3
2012,60,18,40,-4.12,4.73,2.39,451,3.51,48,-3
2012,60,18,41,-4.33,4.5,2.47,451,3.51,48,-3
2012,60,18,42,-4.26,4.47,2.49,447.6,3.47,47,-3
2012,60,18,43,-4.17,4.42,2.36,447.6,3.47,54,-4
2012,60,18,44,-4.04,4.43,2.25,447.5,3.47,55,-3
2012,60,18,45,-4.1,4.42,2.3,446.5,3.59,49,-3
2012,60,18,46,-4.17,4.37,2.52,446.5,3.59,52,-3
2012,60,18,47,-4.18,4.35,2.65,446.6,3.58,48,-3
2012,60,18,48,-3.8,4.28,3.33,449.4,3.49,43,-3
2012,60,18,49,-4.22,4.36,2.83,450.3,3.46,51,-3
2012,60,18,50,-4,4.17,3.17,445.8,3.49,56,-3
2012,60,18,51,-3.5,4.33,3.5,445.8,3.49,56,-3
2012,60,18,52,-3.46,4.22,3.74,448.8,3.53,52,-3
2012,60,18,53,-3.64,4.31,3.69,448,3.44,44,-3
2012,60,18,54,-3.69,4.41,3.74,447.3,3.36,40,-4
2012,60,18,55,-3.75,4.51,3.53,447.8,3.28,44,-4
2012,60,18,56,-3.69,4.53,3.48,447.9,3.27,36,-4
2012,60,18,57,-3.64,4.49,3.58,447.9,3.27,28,-4
2012,60,18,58,-3.72,4.44,3.62,448.7,3.23,29,-4
2012,60,18,59,-3.72,4.42,3.68,448.7,3.23,35,-4
2012,60,19,0,-3.62,4.6,3.46,448.7,3.23,43,-5
2012,60,19,1,-3.74,4.5,3.5,448.7,3.26,35,-5
2012,60,19,2,-3.76,4.43,3.56,448.7,3.26,42,-5
2012,60,19,3,-3.83,4.38,3.61,99999.9,99.99,31,-5
2012,60,19,4,-3.84,4.33,3.63,447.7,3.28,36,-5
2012,60,19,5,-3.97,4.33,3.64,447.6,3.29,46,-5
2012,60,19,6,-3.8,4.45,3.85,447.9,3.2,55,-5
2012,60,19,7,-3.87,4.55,3.77,448.8,3.06,57,-5
2012,60,19,8,-3.73,4.42,3.95,448.8,3.12,34,-5
2012,60,19,9,-3.66,4.38,4.03,448.5,3.17,26,-5
2012,60,19,10,-3.32,4.4,4.13,450,3.21,23,-5
2012,60,19,11,-3.81,4.61,3.19,450.1,3.44,31,-5
2012,60,19,12,-4.29,4.73,2.11,447.2,3.48,29,-5
2012,60,19,13,-4.36,4.77,1.94,445.7,3.46,39,-5
2012,60,19,14,-4.28,4.89,1.6,446,3.81,73,-6
2012,60,19,15,-3.92,5.07,1.83,446,3.81,89,-5
2012,60,19,16,-4.03,4.76,2.82,446.8,3.3,74,-5
2012,60,19,17,-4.13,4.81,2.59,445.1,3.53,48,-5
2012,60,19,18,-4.08,4.94,2.33,444.4,3.61,45,-5
2012,60,19,19,-4.17,4.71,2.62,444.6,3.56,45,-5
2012,60,19,20,-4.33,4.93,1.92,445,3.7,31,-5
2012,60,19,21,-4.19,4.81,2.46,446.3,3.52,35,-4
2012,60,19,22,-4.39,4.97,1.85,446.8,3.36,60,-4
2012,60,19,23,-4.5,4.97,2.19,442.7,3.7,70,-5
2012,60,19,24,-4.49,5.02,2.29,442.9,3.66,56,-5
2012,60,19,25,-4.58,5.11,1.98,443.4,3.57,38,-5
2012,60,19,26,-4.63,5.06,2.1,443.4,3.56,32,-5
2012,60,19,27,-4.67,5.08,2.01,443.5,3.45,37,-5
2012,60,19,28,-4.74,5.03,1.8,443.6,3.46,41,-5
2012,60,19,29,-4.77,5.04,1.73,444.4,3.5,35,-5
2012,60,19,30,-4.75,4.96,1.8,444.4,3.5,60,-5
2012,60,19,31,-4.67,5.21,1.32,444.4,3.68,73,-5
2012,60,19,32,-4.62,5.26,1.34,444.6,3.66,55,-5
2012,60,19,33,-4.6,5.25,1.44,445.1,3.62,39,-5
2012,60,19,34,-4.88,4.79,1.95,444.5,3.61,38,-5
2012,60,19,35,-5.09,4.48,2.31,442.7,3.58,30,-6
2012,60,19,36,-5.01,4.55,2.33,443.1,3.62,31,-5
2012,60,19,37,-5.01,4.52,2.51,443.4,3.64,32,-6
2012,60,19,38,-4.92,4.52,2.58,443.9,3.59,29,-6
2012,60,19,39,-4.58,4.52,2.99,443.9,3.59,23,-6
2012,60,19,40,-4.72,4.47,2.88,444.9,3.73,23,-6
2012,60,19,41,-4.82,4.42,2.7,444.9,3.73,24,-6
2012,60,19,42,-4.92,4.35,2.66,441.9,3.62,28,-6
2012,60,19,43,-4.93,4.32,2.52,441.9,3.62,32,-6
2012,60,19,44,-5.47,3.95,2.04,441.9,3.62,38,-6
2012,60,19,45,-5.4,4.05,2.19,439.9,3.5,47,-6
2012,60,19,46,-5.25,4.03,2.49,439.9,3.5,57,-6
2012,60,19,47,-5.1,4.05,2.72,439.9,3.5,61,-6
2012,60,19,48,-5.16,3.94,2.75,439.4,3.48,59,-6
2012,60,19,49,-5.2,3.89,2.73,439.4,3.48,55,-6
2012,60,19,50,-5.27,3.7,2.81,438,3.51,55,-6
2012,60,19,51,-5.09,3.94,2.86,438,3.51,53,-6
2012,60,19,52,-4.92,3.98,2.98,439.3,3.55,51,-6
2012,60,19,53,-4.76,4.08,3.05,439.7,3.57,46,-5
2012,60,19,54,-4.74,4,3.12,439.7,3.57,39,-6
2012,60,19,55,-4.8,3.87,3.25,438.8,3.54,34,-5
2012,60,19,56,-4.83,3.65,3.63,438.8,3.54,30,-6
2012,60,19,57,-4.78,3.5,3.96,99999.9,99.99,26,-6
2012,60,19,58,-4.87,3.53,3.77,440.3,3.37,26,-6
2012,60,19,59,-5,3.58,3.66,441,3.35,24,-6
2012,60,20,0,-5,3.42,3.82,441.5,3.34,21,-6
2012,60,20,1,-4.86,3.98,3.43,439.2,3.24,20,-6
2012,60,20,2,-4.73,3.87,3.75,439.2,3.24,19,-7
2012,60,20,3,-4.78,3.96,3.6,439.2,3.2,18,-7
2012,60,20,4,-4.71,3.86,3.78,438.9,3.24,20,-7
2012,60,20,5,-4.66,3.61,4.13,438.8,3.25,21,-6
2012,60,20,6,-4.42,3.24,4.75,439.3,3.22,22,-6
2012,60,20,7,-4.73,3.93,3.89,438.9,3.27,22,-6
2012,60,20,8,-4.75,3.96,3.86,438,3.35,21,-7
2012,60,20,9,-4.85,3.77,4.06,437.6,3.39,21,-7
2012,60,20,10,-4.77,3.4,4.49,436.5,3.25,21,-7
2012,60,20,11,-4.65,3.61,4.46,437.1,3.24,21,-7
2012,60,20,12,-4.85,3.38,4.53,437.9,3.23,18,-7
2012,60,20,13,-4.81,3.27,4.75,436.2,3.19,18,-7
2012,60,20,14,-4.81,3.2,4.91,436.9,2.94,19,-7
2012,60,20,15,-4.78,3.12,4.97,437,2.91,23,-7
2012,60,20,16,-4.72,3.05,5.07,436.9,2.99,28,-6
2012,60,20,17,-4.59,2.91,5.23,436.9,2.99,32,-6
2012,60,20,18,-4.66,2.95,5.12,437,3.13,29,-6
2012,60,20,19,-4.49,2.73,5.31,437.1,3.13,26,-6
2012,60,20,20,-4.36,2.44,5.48,438.2,3.08,27,-6
2012,60,20,21,-4.31,2.46,5.47,438.2,3.08,26,-7
2012,60,20,22,-4.37,2.31,5.47,437.5,3.19,26,-7
2012,60,20,23,-4.37,2.11,5.53,438.2,3.21,22,-7
2012,60,20,24,-4.17,2.24,5.6,438.6,3.22,19,-7
2012,60,20,25,-4.14,2.61,5.61,440.5,3.51,22,-7
2012,60,20,26,-4.29,2.82,5.45,438.9,3.29,35,-7
2012,60,20,27,-4.26,2.88,5.4,436.8,3.01,41,-6
2012,60,20,28,-4.37,2.96,5.27,437.8,3.11,38,-6
2012,60,20,29,-4.41,2.72,5.36,437.8,3.11,35,-5
2012,60,20,30,-4.43,2.56,5.42,439,3.28,34,-6
2012,60,20,31,-4.44,2.45,5.48,439,3.28,29,-5
2012,60,20,32,-4.35,2.43,5.57,439.6,3.24,28,-5
2012,60,20,33,-4.32,2.33,5.57,439.6,3.24,27,-5
2012,60,20,34,-4.11,1.97,5.82,441.1,3.45,25,-5
2012,60,20,35,-3.69,1.76,6.22,441.1,3.45,24,-5
2012,60,20,36,-3.88,1.7,6.08,444.4,3.21,30,-5
2012,60,20,37,-4.6,3.04,4.93,444.4,3.22,29,-5
2012,60,20,38,-4.63,3.03,4.97,440.4,3.34,26,-5
2012,60,20,39,-4.65,2.81,5.2,440.4,3.34,26,-4
2012,60,20,40,-4.51,2.66,5.37,442,3.21,27,-4
2012,60,20,41,-4.5,2.63,5.39,442,3.21,26,-4
2012,60,20,42,-4.64,2.63,5.24,441.3,3.24,32,-4
2012,60,20,43,-4.15,1.87,6.28,441.4,3.19,33,-4
2012,60,20,44,-4.17,1.71,7.16,444.1,2.15,33,-5
2012,60,20,45,-4.17,1.46,7.23,443.6,2.17,34,-6
2012,60,20,46,-4.15,1.42,7.23,442.1,2.19,47,-7
2012,60,20,47,-4.33,1.36,6.86,442.1,2.5,43,-8
2012,60,20,48,-4.15,1.22,6.98,442.8,2.56,36,-9
2012,60,20,49,-4.03,1.57,6.93,443.6,2.64,26,-9
2012,60,20,50,-3.86,1.69,6.95,444.6,2.66,45,-9
2012,60,20,51,9999.99,9999.99,9999.99,443.7,2.44,53,-9
2012,60,20,52,-3.59,3.71,5.85,99999.9,99.99,43,-8
2012,60,20,53,-4.08,3.76,5.39,449.8,2.82,32,-7
2012,60,20,54,-4,3.68,5.4,452.2,2.87,26,-6
2012,60,20,55,-3.93,4.87,4.26,99999.9,99.99,27,-6
2012,60,20,56,-3.9,4.24,4.91,99999.9,99.99,32,-6
2012,60,20,57,-3.98,4.12,4.99,99999.9,99.99,31,-6
2012,60,20,58,-4.02,4.29,4.79,99999.9,99.99,26,-6
2012,60,20,59,-3.85,2.86,5.94,99999.9,99.99,25,-6
2012,60,21,0,-4.12,2.67,5.85,99999.9,99.99,26,-6
2012,60,21,1,-4.9,2,5.67,99999.9,99.99,26,-6
2012,60,21,2,-3.22,3.34,5.96,99999.9,99.99,25,-6
2012,60,21,3,-2.47,4.09,5.96,458.9,3.02,24,-5
2012,60,21,4,-2.14,3.88,6.21,458.9,3.02,24,-5
2012,60,21,5,-2.86,2.67,6.7,99999.9,99.99,25,-5
2012,60,21,6,-3.28,2.77,6.26,455.9,3.18,26,-5
2012,60,21,7,-3.65,2.49,6.18,455.9,3.18,25,-5
2012,60,21,8,-3,3.35,6.07,449,3.31,24,-5
2012,60,21,9,-3.73,2.61,6.04,450.9,2.79,24,-5
2012,60,21,10,-3.75,2.49,6.27,451.3,2.99,23,-4
2012,60,21,11,-3.97,1.89,6.47,449.2,2.77,22,-5
2012,60,21,12,-4.41,1.58,6.27,445.9,2.63,21,-5
2012,60,21,13,-4.19,2.59,6.04,446.2,2.62,24,-5
2012,60,21,14,-4.09,2.99,5.54,450.6,2.55,25,-5
2012,60,21,15,-4.52,3.44,5.51,452.2,2.26,27,-5
2012,60,21,16,-4.49,2.92,5.91,450,1.91,27,-5
2012,60,21,17,-3.75,3.5,6.09,450.3,1.75,25,-5
2012,60,21,18,-4.33,2.48,6.21,451.1,1.47,20,-5
2012,60,21,19,-4.89,1.31,6.79,443.6,1.27,17,-5
2012,60,21,20,-4.41,3.06,6.28,449.7,1.67,14,-5
2012,60,21,21,-3.96,4.58,5.52,449.7,1.67,25,-4
2012,60,21,22,-5.07,0.54,6.78,99999.9,99.99,32,-4
2012,60,21,23,-5.06,0.65,6.83,441.3,1.15,29,-4
2012,60,21,24,-5.08,0.67,6.75,441.3,1.15,30,-3
2012,60,21,25,-5.15,0.9,6.55,441.3,1.15,29,-3
2012,60,21,26,-5.19,1.15,6.48,99999.9,99.99,27,-4
2012,60,21,27,-5.27,1.26,6.33,437.1,1.29,29,-5
2012,60,21,28,-5.21,1.19,6.47,437.1,1.29,30,-6
2012,60,21,29,-5.1,2.07,6.25,437.1,1.29,31,-7
2012,60,21,30,-5.11,1.56,6.41,99999.9,99.99,44,-8
2012,60,21,31,-4.76,3.38,6.07,438.5,1.32,50,-9
2012,60,21,32,9999.99,9999.99,9999.99,438.5,1.32,47,-9
2012,60,21,33,-4.84,3.16,6.19,99999.9,99.99,42,-9
2012,60,21,34,-4.92,3.11,6.14,99999.9,99.99,33,-9
2012,60,21,35,-4.98,2.66,6.19,99999.9,99.99,38,-9
2012,60,21,36,-4.89,1.96,6.43,99999.9,99.99,43,-9
2012,60,21,37,-4.93,1.35,6.52,442.3,1.2,36,-9
2012,60,21,38,-4.85,0.77,6.63,442.3,1.2,33,-10
2012,60,21,39,-5.04,0.98,6.45,439.6,1.33,21,-10
2012,60,21,40,-5.11,1.33,6.35,438.7,1.38,12,-11
2012,60,21,41,-5.03,1.35,6.37,438.7,1.38,15,-11
2012,60,21,42,-5.05,1.52,6.3,437.2,1.36,28,-11
2012,60,21,43,-5.08,1.54,6.27,437.2,1.36,32,-11
2012,60,21,44,-5.07,1.41,6.34,438.2,1.28,26,-11
2012,60,21,45,-5.34,2.19,5.89,438.3,1.27,25,-11
2012,60,21,46,-5.13,2.24,6.07,440.4,1.34,24,-11
2012,60,21,47,-5.13,1.96,6.2,441.4,1.38,26,-10
2012,60,21,48,-5.24,2.1,6.09,438.2,1.32,28,-11
2012,60,21,49,-5.12,2.14,6.15,438.2,1.32,30,-10
2012,60,21,50,-5.17,2.01,6.11,437.9,1.34,27,-11
2012,60,21,51,-5.3,2.47,5.85,437.3,1.33,24,-11
2012,60,21,52,-5.2,3.2,5.56,437,1.3,22,-11
2012,60,21,53,-5.35,2.52,5.79,440.1,1.22,23,-11
2012,60,21,54,-5.26,2.73,5.8,437.4,1.28,29,-11
2012,60,21,55,-5.2,3.06,5.68,437.3,1.28,32,-11
2012,60,21,56,-5.11,2.97,5.85,438.7,1.34,32,-10
2012,60,21,57,-5.2,2.96,5.89,439.8,1.32,31,-10
2012,60,21,58,-5.23,3.19,5.74,441.9,1.3,31,-9
2012,60,21,59,-5.13,3.11,5.61,443.2,1.34,33,-9
2012,60,22,0,-4.93,1.85,6.26,442.7,1.41,32,-9
2012,60,22,1,-5.08,2.17,5.99,441.4,1.49,32,-9
2012,60,22,2,-4.82,2.94,5.86,440.9,1.51,28,-10
2012,60,22,3,-4.87,3.09,5.76,440.9,1.51,29,-10
2012,60,22,4,-5.18,2.28,5.81,443.9,1.39,31,-10
2012,60,22,5,-4.85,3.1,5.75,446.8,1.62,34,-10
2012,60,22,6,-5.11,2.88,5.7,448.3,1.8,33,-10
2012,60,22,7,-4.77,3.41,5.7,444,1.64,30,-10
2012,60,22,8,-4.51,4.47,4.96,443.3,1.4,29,-9
2012,60,22,9,-4.88,3.43,5.31,439.6,1.53,29,-9
2012,60,22,10,-4.22,4.23,5.22,440.8,1.63,31,-10
2012,60,22,11,-4.34,4.36,4.91,443.1,1.68,32,-9
2012,60,22,12,-3.75,5.27,4.77,441.7,1.66,28,-9
2012,60,22,13,-4.09,5.09,4.57,445.6,1.6,27,-9
2012,60,22,14,-3.87,4.9,4.85,446.3,1.61,28,-9
2012,60,22,15,-3.49,5.06,5.03,450,1.65,32,-9
2012,60,22,16,-3.59,4.89,5.12,449.1,1.67,34,-9
2012,60,22,17,-3.85,4.45,5.38,449,1.63,32,-9
2012,60,22,18,-4.01,4.43,5.31,448.9,1.59,29,-9
2012,60,22,19,-3.9,4.27,5.48,448.1,1.63,30,-9
2012,60,22,20,-3.9,4.3,5.47,448.1,1.63,31,-8
2012,60,22,21,-3.95,4.24,5.41,448.1,1.63,31,-8
2012,60,22,22,-4.52,4.5,4.54,99999.9,99.99,28,-7
2012,60,22,23,-4.12,4.43,5.33,445.1,1.75,31,-7
2012,60,22,24,-3.99,4.69,5.15,447.3,1.74,31,-7
2012,60,22,25,-3.61,4.93,5.04,450.9,1.81,28,-6
2012,60,22,26,-4.2,4.32,5.23,451.8,2.01,22,-6
2012,60,22,27,-3.96,4.56,5.16,451.7,2.02,20,-6
2012,60,22,28,-3.41,5.23,4.9,99999.9,99.99,26,-6
2012,60,22,29,-4.38,3.57,5.66,454,1.69,32,-5
2012,60,22,30,-4.55,3.31,5.82,443.4,1.64,30,-5
2012,60,22,31,-4.02,3.88,5.81,439.2,1.62,29,-5
2012,60,22,32,-4.22,3.85,5.71,99999.9,99.99,27,-5
2012,60,22,33,-4.2,3.67,5.87,99999.9,99.99,27,-5
2012,60,22,34,-3.77,3.58,6.26,99999.9,99.99,26,-5
2012,60,22,35,-3.47,3.28,6.58,99999.9,99.99,24,-5
2012,60,22,36,-3.4,3.31,6.61,451.6,1.7,24,-5
2012,60,22,37,-3.79,3.19,6.48,451.6,1.7,26,-5
2012,60,22,38,-3.79,3.19,6.48,99999.9,99.99,28,-5
2012,60,22,39,-4.63,3.26,5.87,99999.9,99.99,32,-5
2012,60,22,40,-4.97,3.25,5.74,99999.9,99.99,36,-6
2012,60,22,41,9999.99,9999.99,9999.99,99999.9,99.99,31,-5
2012,60,22,42,-5.05,3.41,5.56,99999.9,99.99,26,-5
2012,60,22,43,-5.12,2.97,5.82,99999.9,99.99,25,-5
2012,60,22,44,-5.12,2.97,5.82,99999.9,99.99,27,-5
2012,60,22,45,-5.05,3.09,5.83,438.5,1.55,28,-5
2012,60,22,46,-4.83,3.17,6,438.5,1.55,25,-5
2012,60,22,47,-4.83,3.17,6,99999.9,99.99,22,-5
2012,60,22,48,-5.09,3.43,5.62,99999.9,99.99,22,-5
2012,60,22,49,9999.99,9999.99,9999.99,99999.9,99.99,26,-5
2012,60,22,50,-6.14,3.35,4.55,99999.9,99.99,29,-6
2012,60,22,51,-6.2,3.25,4.55,99999.9,99.99,31,-6
2012,60,22,52,-3.64,1.94,7.6,99999.9,99.99,29,-6
2012,60,22,53,-4.48,2.86,6.31,99999.9,99.99,26,-6
2012,60,22,54,-2.99,2.14,7.85,459.4,1.87,27,-6
2012,60,22,55,-3.86,2.46,7.03,459.4,1.87,26,-6
2012,60,22,56,-3.97,2.26,7.1,445.6,1.7,25,-6
2012,60,22,57,-3.62,3.86,6.57,443.1,1.69,26,-5
2012,60,22,58,-3.83,2.12,7.4,454.3,1.96,27,-5
2012,60,22,59,-3.19,2.58,7.5,455.3,1.86,29,-4
2012,60,23,0,-3.1,1.91,7.64,456.5,1.92,31,-4
2012,60,23,1,-3.07,1.85,7.58,461.7,2.09,28,-4
2012,60,23,2,-3.2,1.69,7.61,463.9,2.07,24,-4
2012,60,23,3,-2.85,1.12,7.98,457.2,1.71,25,-4
2012,60,23,4,-3.37,1.49,7.55,443.5,1.44,26,-4
2012,60,23,5,-2.61,1.43,8.04,448.7,1.59,27,-4
2012,60,23,6,-2.49,1.91,8.03,462.7,2.05,27,-4
2012,60,23,7,-2.66,2.12,7.89,460.4,1.96,22,-5
2012,60,23,8,-2.32,1.72,8.08,465.2,1.99,25,-5
2012,60,23,9,-2.55,2.18,7.68,476.3,1.97,33,-4
2012,60,23,10,-2.46,1.59,7.91,465.5,1.99,38,-4
2012,60,23,11,-3.68,4.15,6.34,438.3,1.81,36,-4
2012,60,23,12,-3.96,3.22,6.65,438.7,1.82,28,-4
2012,60,23,13,-2.65,0.95,7.49,457,2.31,23,-4
2012,60,23,14,-2.76,0.43,7.11,466.8,2.12,26,-4
2012,60,23,15,-1.54,0.42,8.17,456.5,1.9,32,-4
2012,60,23,16,-2.47,2.7,7.77,461.6,1.8,30,-4
2012,60,23,17,-2.53,1.76,8.05,459.1,1.88,27,-4
2012,60,23,18,-2.19,1.62,8.12,459.8,1.89,25,-4
2012,60,23,19,-2.4,1.42,8.11,461.4,1.99,26,-4
2012,60,23,20,-2.28,1.13,8.19,458.8,1.73,25,-4
2012,60,23,21,-3.79,0.27,7.6,462.9,1.92,24,-4
2012,60,23,22,-2.6,0.87,7.88,458,2.01,23,-4
2012,60,23,23,-1.9,3.56,7.37,459,2.02,24,-4
2012,60,23,24,-1.8,3.75,7.28,465.4,2.01,25,-4
2012,60,23,25,-2.11,3.25,7.46,465.9,2.01,25,-4
2012,60,23,26,-2.02,3.52,7.39,99999.9,99.99,25,-5
2012,60,23,27,-2.06,3.23,7.54,463.8,1.91,26,-5
2012,60,23,28,-2,3.63,7.38,463.4,1.95,28,-5
2012,60,23,29,-1.95,3.87,7.19,463,1.99,29,-5
2012,60,23,30,-2.04,4.28,6.88,99999.9,99.99,27,-4
2012,60,23,31,-2.25,3.99,6.96,99999.9,99.99,25,-4
2012,60,23,32,-2.87,4.1,6.61,457.7,1.99,25,-4
2012,60,23,33,-1.56,3.93,7.05,457.7,1.99,26,-4
2012,60,23,34,-1.6,3.96,6.88,470.5,2.11,29,-4
2012,60,23,35,-1.31,3.94,7.23,470.5,2.11,28,-4
2012,60,23,36,-1.25,4.1,7.2,99999.9,99.99,26,-4
2012,60,23,37,-1.54,4.1,7.12,468.9,2.05,25,-4
2012,60,23,38,-1.61,4,7.12,468,2.09,27,-4
2012,60,23,39,-1.53,4.14,7.02,467.2,2.12,29,-4
2012,60,23,40,-1.37,4.44,6.9,99999.9,99.99,28,-3
2012,60,23,41,-1.07,4.76,6.71,470.5,2.32,25,-3
2012,60,23,42,-1.51,5.59,5.71,470.5,2.32,22,-3
2012,60,23,43,-2.3,6.3,4.55,463.4,1.84,24,-3
2012,60,23,44,-2.62,6.47,4.14,462.7,1.79,27,-3
2012,60,23,45,-1.59,4.85,6.5,464.3,2.07,26,-3
2012,60,23,46,-1.38,5.01,6.45,464.7,2.15,27,-3
2012,60,23,47,9999.99,9999.99,9999.99,99999.9,99.99,27,-3
2012,60,23,48,-1.42,4.47,6.84,99999.9,99.99,25,-3
2012,60,23,49,-1.4,4.43,6.84,466.2,2.02,23,-3
2012,60,23,50,-1.47,4.33,6.85,466.2,2.02,24,-3
2012,60,23,51,-2.32,4.63,6.43,99999.9,99.99,26,-3
2012,60,23,52,-1.66,3.96,7.09,460.8,1.97,26,-3
2012,60,23,53,-1.38,3.57,7.44,460.8,1.97,25,-3
2012,60,23,54,-1.58,4.31,7.15,462.3,1.94,24,-3
2012,60,23,55,-1.72,4.14,7.17,462.6,1.93,24,-3
2012,60,23,56,-1.9,4.22,7.19,459.7,2.04,24,-3
2012,60,23,57,-1.79,4.27,7.15,459.7,2.04,25,-3
2012,60,23,58,-1.51,3.93,7.3,462.1,2.08,26,-3
2012,60,23,59,-1.86,4.01,7.18,462.3,2.08,27,-3